orderId,detailId,skuNo,catergory1,catergory2,catergory3,menuTitle,type,amount,cnt,optExtra,size,cupInfo,opt1,opt2,opt3,opt5,opt6,opt7,opt8,opt9,foam1_cnt,foam1_price,foam2_cnt,foam2_price,foam3_cnt,foam3_price,foam4_cnt,foam4_price,foam5_cnt,foam5_price,foam6_cnt,foam6_price,foam7_cnt,foam7_price,foam8_cnt,foam8_price,foam9_cnt,foam9_price,foam10_cnt,foam10_price,foam11_cnt,foam11_price,foam12_cnt,foam12_price,addshot_cnt,addshot_price,addshot2_cnt,addshot2_price,addshot3_cnt,addshot3_price,addshot4_cnt,addshot4_price,prepareStartTime,prepareEndTime,simultaneousPrepare
24030700999911001,24030700999911001001,,,,,카페라떼,0,3500,1,NULL,0,0,0,0,0,0,0,0,0,0,0,0,0,0,0,0,0,0,0,0,0,0,0,0,0,0,0,0,0,0,0,0,0,0,0,0,0,0,0,0,0,0,0,0,0
24030700999911001,24030700999911001002,,,,,콜드브루,0,4000,1,NULL,0,0,0,0,0,0,0,0,0,0,0,0,0,0,0,0,0,0,0,0,0,0,0,0,0,0,0,0,0,0,0,0,0,0,0,0,0,0,0,0,0,0,0,0,0
240312099916001,240312099916001001,BCCF000023,B,C,CF,아메리카노,1,1200,1,NULL,1,2,1,0,0,0,0,0,0,0,1,400,0,400,0,0,0,400,0,0,0,0,0,0,0,0,0,0,0,0,0,0,0,0,0,400,0,0,0,0,0,0,1710237008645,1710237009645,1
240312099916001,240312099916001002,BCCF000027,B,C,CF,"카페 라떼",1,4800,1,NULL,3,2,1,0,0,0,0,4,0,0,0,0,0,0,0,0,0,400,0,0,0,0,0,0,0,0,0,0,0,0,0,0,0,0,0,400,0,0,0,0,0,0,1710237008645,1710237009645,1
240312099916002,240312099916002001,BCCF000023,B,C,CF,아메리카노,1,3000,1,NULL,3,1,1,0,0,0,0,0,0,0,0,400,0,400,0,0,0,400,0,0,0,0,0,0,0,0,0,0,0,0,0,0,0,0,0,400,0,0,0,0,0,0,0,0,1
240312099916002,240312099916002002,BCCF000001,B,C,CF,"꿀 라떼",1,3100,1,NULL,2,2,1,0,0,0,0,5,0,0,1,400,1,400,0,400,0,400,0,0,0,0,0,0,0,0,0,0,0,0,0,0,0,0,0,400,0,0,0,0,0,0,0,0,1
240313099916001,240313099916001001,BCCF000027,B,C,CF,"카페 라떼",1,2200,1,NULL,1,2,1,0,0,0,0,2,0,0,0,0,0,0,0,0,1,400,0,0,0,0,0,0,0,0,0,0,0,0,0,0,0,0,1,400,0,0,0,0,0,0,1710342288101,1710342289101,1
240313099916002,240313099916002001,BCCF000020,B,C,CF,"바닐라 라떼",1,5200,1,NULL,3,1,2,0,0,0,0,4,0,0,1,400,1,400,1,400,0,400,0,0,0,0,0,0,0,0,0,0,0,0,0,0,0,0,0,400,0,0,0,0,0,0,1710342289424,1710342290424,1
240314099911001,240314099911001001,BNLT000042,B,N,LT,"고구마 라떼",1,3400,1,NULL,0,0,0,0,0,0,0,0,0,0,0,0,0,0,0,0,0,0,0,0,0,0,0,0,0,0,0,0,0,0,0,0,0,0,0,0,0,0,0,0,0,0,0,0,0
240314099911006,240314099911006001,BNLT000042,B,N,LT,"고구마 라떼",1,3400,1,NULL,0,0,0,0,0,0,0,0,0,0,0,0,0,0,0,0,0,0,0,0,0,0,0,0,0,0,0,0,0,0,0,0,0,0,0,0,0,0,0,0,0,0,1710428756067,1710428757067,0
240314099911007,240314099911007001,BNLT000042,B,N,LT,"고구마 라떼",1,3400,1,NULL,1,0,0,0,0,0,0,0,0,0,1,800,0,0,0,0,0,0,0,0,0,0,0,0,0,0,0,0,0,0,0,0,0,0,0,0,0,0,0,0,0,0,1710429486922,1710429487922,0
240314099911008,240314099911008001,BNLT000042,B,N,LT,"고구마 라떼",1,2600,1,NULL,1,0,0,0,0,0,0,0,0,0,2,800,0,0,0,0,0,0,0,0,0,0,0,0,0,0,0,0,0,0,0,0,0,0,0,0,0,0,0,0,0,0,1710429672877,1710429673877,0
240314099911010,240314099911010001,BNLT000042,B,N,LT,"고구마 라떼",1,2600,1,NULL,1,0,0,0,0,0,0,0,0,0,2,800,0,0,0,0,0,0,0,0,0,0,0,0,0,0,0,0,0,0,0,0,0,0,0,0,0,0,0,0,0,0,1710429820703,1710429821703,0
240314099911011,240314099911011001,BNLT000042,B,N,LT,"고구마 라떼",1,2600,1,NULL,1,0,0,0,0,0,0,0,0,0,2,800,0,0,0,0,0,0,0,0,0,0,0,0,0,0,0,0,0,0,0,0,0,0,0,0,0,0,0,0,0,0,1710431204726,1710431205726,0
240314099911012,240314099911012001,BNLT000042,B,N,LT,"고구마 라떼",1,2600,1,NULL,1,0,0,0,0,0,0,0,0,0,2,800,0,0,0,0,0,0,0,0,0,0,0,0,0,0,0,0,0,0,0,0,0,0,0,0,0,0,0,0,0,0,1710431205683,1710431206683,0
240314099916001,240314099916001001,BNLT000044,B,N,LT,"달고나 라떼",1,4000,1,NULL,2,2,1,0,0,0,0,5,0,0,0,0,0,0,0,0,0,0,0,0,1,500,0,0,0,0,0,0,0,0,0,0,0,0,1,400,0,0,0,0,0,0,1710383138688,1710383139688,1
240314099916002,240314099916002001,BCCF000027,B,C,CF,"카페 라떼",1,2700,1,NULL,2,2,1,0,0,0,0,4,0,0,0,0,0,0,0,0,0,400,0,0,0,0,0,0,0,0,0,0,0,0,0,0,0,0,0,400,0,0,0,0,0,0,1710384931833,1710384932833,1
240314099916003,240314099916003001,BCCB000033,B,C,CB,"돌체 콜드브루 라떼",1,3500,1,NULL,2,1,1,0,0,0,0,1,0,0,0,0,0,0,0,0,0,0,0,0,0,0,0,0,0,0,0,0,0,0,0,0,0,0,0,0,0,0,0,0,0,0,1710384932743,1710384933743,1
240314099916003,240314099916003002,BCCB000033,B,C,CB,"돌체 콜드브루 라떼",1,3500,1,NULL,2,1,1,0,0,0,0,1,0,0,0,0,0,0,0,0,0,0,0,0,0,0,0,0,0,0,0,0,0,0,0,0,0,0,0,0,0,0,0,0,0,0,1710384932743,1710384933743,1
240314099916004,240314099916004001,FDDS000097,F,D,DS,"매머드 미트 칠리 핫도그 세트",1,6400,1,NULL,2,2,1,0,0,0,0,0,0,0,0,400,0,400,0,0,0,400,0,0,0,0,0,0,0,0,0,0,0,0,0,0,0,0,0,400,0,0,0,0,0,0,1710384933872,1710384934872,1
240314099916005,240314099916005001,BCCF000028,B,C,CF,"카페 모카",1,3300,1,NULL,2,2,1,0,0,0,0,1,0,0,1,400,0,400,0,400,0,400,0,0,0,0,0,0,0,0,0,0,0,0,0,0,0,0,0,400,0,0,0,0,0,0,1710429674158,1710429675158,1
240314099921002,240314099921002001,BCCF000023,B,C,CF,아메리카노,1,1600,1,NULL,0,0,0,0,0,0,0,0,0,0,0,0,0,0,0,0,0,0,0,0,0,0,0,0,0,0,0,0,0,0,0,0,0,0,0,0,0,0,0,0,0,0,0,0,0
240314099921003,240314099921003001,BCCF000023,B,C,CF,아메리카노,1,1600,1,NULL,0,0,0,0,0,0,0,0,0,0,0,0,0,0,0,0,0,0,0,0,0,0,0,0,0,0,0,0,0,0,0,0,0,0,0,0,0,0,0,0,0,0,0,0,0
240314099921004,240314099921004001,BCCF000023,B,C,CF,아메리카노,1,1600,1,NULL,0,0,0,0,0,0,0,0,0,0,0,0,0,0,0,0,0,0,0,0,0,0,0,0,0,0,0,0,0,0,0,0,0,0,0,0,0,0,0,0,0,0,0,0,0
240314099921005,240314099921005001,BCCF000023,B,C,CF,아메리카노,1,1600,1,NULL,0,0,0,0,0,0,0,0,0,0,0,0,0,0,0,0,0,0,0,0,0,0,0,0,0,0,0,0,0,0,0,0,0,0,0,0,0,0,0,0,0,0,1710428755217,1710428756217,0
240314099921009,240314099921009001,BCCF000023,B,C,CF,아메리카노,1,1600,1,NULL,2,2,1,0,0,0,0,0,0,0,0,0,1,400,0,0,0,0,0,0,0,0,0,0,0,0,0,0,0,0,0,0,0,0,2,1600,0,0,0,0,0,0,1710429673472,1710429674472,0
240314099921013,240314099921013001,BCCF000023,B,C,CF,아메리카노,1,1600,1,NULL,2,2,1,0,0,0,0,0,0,0,0,0,1,400,0,0,0,0,0,0,0,0,0,0,0,0,0,0,0,0,0,0,0,0,2,1600,0,0,0,0,0,0,1710434702795,1710434703795,0
240314099921014,240314099921014001,BCCF000023,B,C,CF,아메리카노,1,1600,1,NULL,2,2,1,0,0,0,0,0,0,0,0,0,1,400,0,0,0,0,0,0,0,0,0,0,0,0,0,0,0,0,0,0,0,0,2,1600,0,0,0,0,0,0,1710434703661,1710434704661,0
240314099921015,240314099921015001,BCCF000023,B,C,CF,아메리카노,1,1600,1,NULL,2,2,1,0,0,0,0,0,0,0,0,0,1,400,0,0,0,0,0,0,0,0,0,0,0,0,0,0,0,0,0,0,0,0,2,1600,0,0,0,0,0,0,1710434705814,1710434706814,0
240314099921016,240314099921016001,BCCF000023,B,C,CF,아메리카노,1,1600,1,NULL,2,2,1,0,0,0,0,0,0,0,0,0,1,400,0,0,0,0,0,0,0,0,0,0,0,0,0,0,0,0,0,0,0,0,2,1600,0,0,0,0,0,0,1710434706672,1710434707672,0
240314099921017,240314099921017001,BCCF000023,B,C,CF,아메리카노,1,1600,1,NULL,2,2,1,0,0,0,0,0,0,0,0,0,1,400,0,0,0,0,0,0,0,0,0,0,0,0,0,0,0,0,0,0,0,0,2,1600,0,0,0,0,0,0,1710434707996,1710434708996,0
240314099921018,240314099921018001,BCCF000023,B,C,CF,아메리카노,1,1600,1,NULL,2,2,1,0,0,0,0,0,0,0,0,0,1,400,0,0,0,0,0,0,0,0,0,0,0,0,0,0,0,0,0,0,0,0,2,1600,0,0,0,0,0,0,1710434710141,1710434711141,0
240314099921019,240314099921019001,BCCF000023,B,C,CF,아메리카노,1,1600,1,NULL,2,2,1,0,0,0,0,0,0,0,0,0,1,400,0,0,0,0,0,0,0,0,0,0,0,0,0,0,0,0,0,0,0,0,2,1600,0,0,0,0,0,0,1710436431810,1710436432810,0
240314099921020,240314099921020001,BCCF000023,B,C,CF,아메리카노,1,1600,1,NULL,2,2,1,0,0,0,0,0,0,0,0,0,1,400,0,0,0,0,0,0,0,0,0,0,0,0,0,0,0,0,0,0,0,0,2,1600,0,0,0,0,0,0,1710436432734,1710436433734,0
240314099921021,240314099921021001,BCCF000023,B,C,CF,아메리카노,1,1600,1,NULL,2,2,1,0,0,0,0,0,0,0,0,0,1,400,0,0,0,0,0,0,0,0,0,0,0,0,0,0,0,0,0,0,0,0,2,1600,0,0,0,0,0,0,1710436433443,1710436434443,0
240315099910001,240315099910001001,BCCF000020,B,C,CF,"바닐라 라떼",1,3100,1,NULL,2,2,1,0,0,0,0,1,0,0,1,400,0,400,0,400,1,400,0,0,0,0,0,0,0,0,0,0,0,0,0,0,0,0,0,400,0,0,0,0,0,0,1710507028735,1710507038195,1
240315099910002,240315099910002001,BCCF000024,B,C,CF,"아몬드 라떼",1,3100,1,NULL,2,2,1,0,0,0,0,4,0,0,1,400,0,400,0,400,1,400,0,0,0,0,0,0,0,0,0,0,0,0,0,0,0,0,0,400,0,0,0,0,0,0,1710507943987,1710507944987,1
240315099916001,240315099916001001,BCCF000023,B,C,CF,아메리카노,1,1600,1,NULL,2,2,1,0,0,0,0,0,0,0,0,400,0,400,0,0,1,400,0,0,0,0,0,0,0,0,0,0,0,0,0,0,0,0,0,400,0,0,0,0,0,0,1710494745663,1710494746663,1
240315099916002,240315099916002001,BCCF000023,B,C,CF,아메리카노,1,1600,1,NULL,2,2,1,0,0,0,0,0,0,0,0,400,0,400,0,0,0,400,0,0,0,0,0,0,0,0,0,0,0,0,0,0,0,0,0,400,0,0,0,0,0,0,1710494809844,1710494819965,1
240315099916002,240315099916002002,BCCF000002,B,C,CF,"꿀 커피",1,2300,1,NULL,2,2,1,0,0,0,0,0,0,0,0,400,0,400,0,400,0,400,0,0,0,0,0,0,0,0,0,0,0,0,0,0,0,0,0,400,0,0,0,0,0,0,1710494833545,1710494838295,1
240315099916003,240315099916003001,BCCF000002,B,C,CF,"꿀 커피",1,2300,1,NULL,2,2,1,0,0,0,0,0,0,0,0,400,0,400,0,400,0,400,0,0,0,0,0,0,0,0,0,0,0,0,0,0,0,0,0,400,0,0,0,0,0,0,1710501612101,1710501613009,1
240315099916004,240315099916004001,BCCF000001,B,C,CF,"꿀 라떼",1,3100,1,NULL,2,2,1,0,0,0,0,1,0,0,0,400,0,400,0,400,0,400,0,0,0,0,0,0,0,0,0,0,0,0,0,0,0,0,0,400,0,0,0,0,0,0,1710501655069,1710501660041,1
240315099916005,240315099916005001,BCCF000001,B,C,CF,"꿀 라떼",1,3100,1,NULL,2,2,1,0,0,0,0,1,0,0,0,400,0,400,0,400,0,400,0,0,0,0,0,0,0,0,0,0,0,0,0,0,0,0,0,400,0,0,0,0,0,0,1710504488959,1710504510443,1
240315099916006,240315099916006001,BCCF000023,B,C,CF,아메리카노,1,1600,1,NULL,2,2,1,0,0,0,0,0,0,0,0,400,0,400,0,0,0,400,0,0,0,0,0,0,0,0,0,0,0,0,0,0,0,0,0,400,0,0,0,0,0,0,1710514400058,0,1
240315099916006,240315099916006002,BCCF000023,B,C,CF,아메리카노,1,1600,1,NULL,2,2,1,0,0,0,0,0,0,0,0,400,0,400,0,0,0,400,0,0,0,0,0,0,0,0,0,0,0,0,0,0,0,0,0,400,0,0,0,0,0,0,0,0,1
240315099916007,240315099916007001,BCCF000023,B,C,CF,아메리카노,1,1600,1,NULL,2,2,1,0,0,0,0,0,0,0,0,400,0,400,0,0,0,400,0,0,0,0,0,0,0,0,0,0,0,0,0,0,0,0,0,400,0,0,0,0,0,0,1710517427524,1710517745110,1
240315099916007,240315099916007002,BCCB000040,B,C,CB,콜드브루,1,2300,1,NULL,2,2,1,0,0,0,0,0,0,0,0,400,0,400,0,400,0,400,0,0,0,0,0,0,0,0,0,0,0,0,0,0,0,0,0,0,0,0,0,0,0,0,1710517435193,1710517746110,1
240315099916008,240315099916008001,BNLT000048,B,N,LT,"토피넛 라떼",1,3300,1,NULL,2,2,1,0,0,0,0,1,0,0,0,0,0,0,0,0,0,400,0,500,0,0,0,0,0,0,0,0,0,0,0,0,0,0,0,400,0,0,0,0,0,0,1710517646030,1710517749011,1
240315099916008,240315099916008002,BNTA000057,B,N,TA,"유자 티/에이드",1,2300,1,NULL,2,2,5,0,0,0,0,0,0,0,0,0,0,0,0,0,0,0,0,0,0,0,0,0,0,0,0,0,0,0,0,0,0,0,0,0,0,0,0,0,0,0,1710517649402,1710517749959,1
240315099921001,240315099921001001,BCCF000023,B,C,CF,아메리카노,1,1600,1,NULL,2,2,1,0,0,0,0,0,0,0,0,0,1,400,0,0,0,0,0,0,0,0,0,0,0,0,0,0,0,0,0,0,0,0,2,1600,0,0,0,0,0,0,1710483701415,1710483702415,0
240315099921002,240315099921002001,E900000,E,9,00,"EVENT 아메리카노",1,1000,1,NULL,3,2,1,0,0,0,0,0,0,0,0,0,0,0,0,0,0,0,0,0,0,0,0,0,0,0,0,0,0,0,0,0,0,0,0,0,0,0,0,0,0,0,1710494744977,1710494745977,0
240315099921003,240315099921003001,BCCF000023,B,C,CF,아메리카노,1,1600,1,NULL,2,2,1,0,0,0,0,0,0,0,0,0,1,400,0,0,0,0,0,0,0,0,0,0,0,0,0,0,0,0,0,0,0,0,2,1600,0,0,0,0,0,0,1710507619472,1710507620472,0
240318099916001,240318099916001001,BCCF000001,B,C,CF,"꿀 라떼",1,3100,1,NULL,2,2,1,0,0,0,0,1,0,0,0,400,0,400,0,400,0,400,0,0,0,0,0,0,0,0,0,0,0,0,0,0,0,0,0,400,0,0,0,0,0,0,1710738783653,1710738802778,1
240318099916002,240318099916002001,BCCF000024,B,C,CF,"아몬드 라떼",1,3100,1,NULL,2,2,1,0,0,0,0,1,0,0,0,400,0,400,0,400,0,400,0,0,0,0,0,0,0,0,0,0,0,0,0,0,0,0,0,400,0,0,0,0,0,0,1710738847631,1710738853435,1
240318099916003,240318099916003001,BNLT000044,B,N,LT,"달고나 라떼",1,4000,1,NULL,2,2,1,0,0,0,0,1,0,0,0,0,0,0,0,0,0,0,0,0,0,500,0,0,0,0,0,0,0,0,0,0,0,0,0,400,0,0,0,0,0,0,1710752693606,1710752694606,1
240318099916004,240318099916004001,BCCF000023,B,C,CF,아메리카노,1,1600,1,NULL,2,2,1,0,0,0,0,0,0,0,0,400,0,400,0,0,0,400,0,0,0,0,0,0,0,0,0,0,0,0,0,0,0,0,0,400,0,0,0,0,0,0,1710766743939,1710766748459,1
240318099916005,240318099916005001,BCCF000023,B,C,CF,아메리카노,1,1600,1,NULL,2,2,1,0,0,0,0,0,0,0,0,400,0,400,0,0,0,400,0,0,0,0,0,0,0,0,0,0,0,0,0,0,0,0,0,400,0,0,0,0,0,0,0,0,1
240318099916006,240318099916006001,BCCF000020,B,C,CF,"바닐라 라떼",1,3100,1,NULL,2,2,1,0,0,0,0,1,0,0,0,400,0,400,0,400,0,400,0,0,0,0,0,0,0,0,0,0,0,0,0,0,0,0,0,400,0,0,0,0,0,0,1710815288209,1710815289209,1
240318099921001,240318099921001001,E900000,E,9,00,"EVENT 아메리카노",1,1000,1,NULL,3,2,1,0,0,0,0,0,0,0,0,0,0,0,0,0,0,0,0,0,0,0,0,0,0,0,0,0,0,0,0,0,0,0,0,0,0,0,0,0,0,0,1710747793430,1710747794430,0
240318099921002,240318099921002001,E900000,E,9,00,"EVENT 아메리카노",1,1000,1,NULL,3,2,2,0,0,0,0,0,0,0,0,0,0,0,0,0,0,0,0,0,0,0,0,0,0,0,0,0,0,0,0,0,0,0,0,0,0,0,0,0,0,0,1710747866224,1710747867224,0
240318099921003,240318099921003001,E900000,E,9,00,"EVENT 아메리카노",1,1000,1,NULL,3,2,1,0,0,0,0,0,0,0,0,0,0,0,0,0,0,0,0,0,0,0,0,0,0,0,0,0,0,0,0,0,0,0,0,0,0,0,0,0,0,0,1710747869775,1710747870775,0
240318099921004,240318099921004001,E900000,E,9,00,"EVENT 아메리카노",1,1000,1,NULL,3,2,1,0,0,0,0,0,0,0,0,0,0,0,0,0,0,0,0,0,0,0,0,0,0,0,0,0,0,0,0,0,0,0,0,0,0,0,0,0,0,0,1710747870711,1710747871711,0
240318099921005,240318099921005001,E900000,E,9,00,"EVENT 아메리카노",1,1000,1,NULL,3,2,2,0,0,0,0,0,0,0,0,0,0,0,0,0,0,0,0,0,0,0,0,0,0,0,0,0,0,0,0,0,0,0,0,0,0,0,0,0,0,0,1710748501807,1710748502807,0
240318099921006,240318099921006001,E900000,E,9,00,"EVENT 아메리카노",1,1000,1,NULL,3,2,2,0,0,0,0,0,0,0,0,0,0,0,0,0,0,0,0,0,0,0,0,0,0,0,0,0,0,0,0,0,0,0,0,0,0,0,0,0,0,0,1710752692286,1710752693286,0
240318099921007,240318099921007001,E900000,E,9,00,"EVENT 아메리카노",1,1000,1,NULL,3,2,1,0,0,0,0,0,0,0,0,0,0,0,0,0,0,0,0,0,0,0,0,0,0,0,0,0,0,0,0,0,0,0,0,0,0,0,0,0,0,0,1710752694728,1710752695728,0
240318099921008,240318099921008001,E900002,E,9,00,"EVENT 레몬밤민트티",1,2000,1,NULL,2,2,2,0,0,0,0,0,0,0,0,0,0,0,0,0,0,0,0,0,0,0,0,0,0,0,0,0,0,0,0,0,0,0,0,0,0,0,0,0,0,0,1710752695852,1710752696852,0
240318099921009,240318099921009001,E900000,E,9,00,"EVENT 아메리카노",1,1000,1,NULL,3,2,2,0,0,0,0,0,0,0,0,0,0,0,0,0,0,0,0,0,0,0,0,0,0,0,0,0,0,0,0,0,0,0,0,0,0,0,0,0,0,0,1710752699928,1710752700928,0
240318099921010,240318099921010001,E0050096,E,0,05,"커스터드 푸딩 쉐이크",1,5300,1,NULL,2,2,1,0,0,0,0,1,0,0,0,0,0,0,0,0,0,0,0,0,0,0,0,0,0,0,0,0,0,0,0,0,0,0,0,0,0,0,0,0,0,0,1710753447234,1710753448234,0
240318099921011,240318099921011001,E0050097,E,0,05,"꿀 우유 크림 도넛",2,3500,1,NULL,0,0,0,0,0,0,0,0,0,0,0,0,0,0,0,0,0,0,0,0,0,0,0,0,0,0,0,0,0,0,0,0,0,0,0,0,0,0,0,0,0,0,1710753448002,1710753449002,0
240318099921012,240318099921012001,E0050093,E,0,05,"근대골목 단팥빵",2,3000,1,NULL,0,0,0,0,0,0,0,0,0,0,0,0,0,0,0,0,0,0,0,0,0,0,0,0,0,0,0,0,0,0,0,0,0,0,0,0,0,0,0,0,0,0,1710753448632,1710753449632,0
240318099921013,240318099921013001,E0050063,E,0,05,구슬아이스크림(L),1,8000,1,NULL,0,0,0,0,0,0,0,0,0,0,0,0,0,0,0,0,0,0,0,0,0,0,0,0,0,0,0,0,0,0,0,0,0,0,0,0,0,0,0,0,0,0,1710753449319,1710753450319,0
240318099921014,240318099921014001,BCCF000025,B,C,CF,"아샷추 아이스티",1,3400,1,NULL,2,2,1,0,0,0,0,0,0,0,0,0,0,0,0,0,0,0,0,0,0,0,0,0,0,0,0,0,0,0,0,0,0,0,0,0,0,0,0,0,0,0,1710771261608,1710771262608,0
240318099921015,240318099921015001,E0050063,E,0,05,구슬아이스크림(L),1,8000,1,NULL,0,0,0,0,0,0,0,0,0,0,0,0,0,0,0,0,0,0,0,0,0,0,0,0,0,0,0,0,0,0,0,0,0,0,0,0,0,0,0,0,0,0,0,0,0
240318099921016,240318099921016001,E0050063,E,0,05,구슬아이스크림(L),1,8000,1,NULL,0,0,0,0,0,0,0,0,0,0,0,0,0,0,0,0,0,0,0,0,0,0,0,0,0,0,0,0,0,0,0,0,0,0,0,0,0,0,0,0,0,0,1710815252772,1710815253772,0
240318100016001,240318100016001001,BCCF000023,B,C,CF,아메리카노,1,1600,1,NULL,2,2,1,0,0,0,0,0,0,0,0,400,0,400,0,0,0,400,0,0,0,0,0,0,0,0,0,0,0,0,0,0,0,0,0,400,0,0,0,0,0,0,1710737867978,1710737945057,1
240318100016002,240318100016002001,BNTA000061,B,N,TA,"지리산 청매실티",1,4000,1,NULL,2,1,1,0,0,0,0,0,0,0,0,0,0,0,0,0,0,0,0,0,0,0,0,0,0,0,0,0,0,0,0,0,0,0,0,0,0,0,0,0,0,0,1710737943170,1710737944170,1
240318100016003,240318100016003001,BNLT000044,B,N,LT,"달고나 라떼",1,4000,1,NULL,2,1,1,0,0,0,0,1,0,0,0,0,0,0,0,0,0,0,0,0,0,500,0,0,0,0,0,0,0,0,0,0,0,0,0,400,0,0,0,0,0,0,1710737942301,1710737943301,1
240318100016004,240318100016004001,BCCB000041,B,C,CB,"콜드브루 라떼",1,3000,1,NULL,2,2,1,0,0,0,0,1,0,0,0,400,0,400,0,400,0,400,0,0,0,0,0,0,0,0,0,0,0,0,0,0,0,0,0,0,0,0,0,0,0,0,1710738017990,1710738018990,1
240318100016005,240318100016005001,BCCF000002,B,C,CF,"꿀 커피",1,2300,1,NULL,2,2,1,0,0,0,0,0,0,0,0,400,0,400,0,400,0,400,0,0,0,0,0,0,0,0,0,0,0,0,0,0,0,0,0,400,0,0,0,0,0,0,1710738017461,1710738018461,1
240318100016006,240318100016006001,BCCF000023,B,C,CF,아메리카노,1,1600,1,NULL,2,2,1,0,0,0,0,0,0,0,0,400,0,400,0,0,0,400,0,0,0,0,0,0,0,0,0,0,0,0,0,0,0,0,0,400,0,0,0,0,0,0,1710738144228,1710738145228,1
240318100016007,240318100016007001,BCCB000041,B,C,CB,"콜드브루 라떼",1,3000,1,NULL,2,2,1,0,0,0,0,1,0,0,0,400,0,400,0,400,0,400,0,0,0,0,0,0,0,0,0,0,0,0,0,0,0,0,0,0,0,0,0,0,0,0,1710738145404,1710738146404,1
240318100016008,240318100016008001,BCCF000027,B,C,CF,"카페 라떼",1,2700,1,NULL,2,1,1,0,0,0,0,1,0,0,0,0,0,0,0,0,0,400,0,0,0,0,0,0,0,0,0,0,0,0,0,0,0,0,0,400,0,0,0,0,0,0,1710738144868,1710738145868,1
240318100016009,240318100016009001,BCCF000001,B,C,CF,"꿀 라떼",1,3100,1,NULL,2,2,1,0,0,0,0,1,0,0,0,400,0,400,0,400,0,400,0,0,0,0,0,0,0,0,0,0,0,0,0,0,0,0,0,400,0,0,0,0,0,0,1710738190239,1710738191239,1
240318100016010,240318100016010001,BNLT000043,B,N,LT,"녹차 라떼",1,3300,1,NULL,2,1,1,0,0,0,0,1,0,0,0,0,0,0,0,0,0,400,0,500,0,0,0,0,0,0,0,0,0,0,0,0,0,0,0,400,0,0,0,0,0,0,1710738202749,1710738203749,1
240318100016011,240318100016011001,BNTA000059,B,N,TA,"자몽 티/에이드",1,3500,1,NULL,2,2,5,0,0,0,0,0,0,0,0,0,0,0,0,0,0,0,0,0,0,0,0,0,0,0,0,0,0,0,0,0,0,0,0,0,0,0,0,0,0,0,1710738356251,1710738357251,1
240318100016012,240318100016012001,FDDS000109,F,D,DS,"베이컨 치즈 샌드위치",2,3800,1,NULL,0,0,0,0,0,0,0,0,0,0,0,0,0,0,0,0,0,0,0,0,0,0,0,0,0,0,0,0,0,0,0,0,0,0,0,0,0,0,0,0,0,0,1710738529201,1710738530201,1
240318100016013,240318100016013001,BNLT000043,B,N,LT,"녹차 라떼",1,3300,1,NULL,2,3,1,0,0,0,0,1,0,0,0,0,0,0,0,0,0,400,0,500,0,0,0,0,0,0,0,0,0,0,0,0,0,0,0,400,0,0,0,0,0,0,1710738530026,1710738531026,1
240318100016014,240318100016014001,BCCF000002,B,C,CF,"꿀 커피",1,2300,1,NULL,2,2,1,0,0,0,0,0,0,0,0,400,0,400,0,400,0,400,0,0,0,0,0,0,0,0,0,0,0,0,0,0,0,0,0,400,0,0,0,0,0,0,1710738677853,1710738682889,1
240318100016015,240318100016015001,BCCF000002,B,C,CF,"꿀 커피",1,2300,1,NULL,2,2,1,0,0,0,0,0,0,0,0,400,0,400,0,400,0,400,0,0,0,0,0,0,0,0,0,0,0,0,0,0,0,0,0,400,0,0,0,0,0,0,1710738932086,1710739196313,1
240318100016016,240318100016016001,BCCB000033,B,C,CB,"돌체 콜드브루 라떼",1,3500,1,NULL,2,2,1,0,0,0,0,1,0,0,0,0,0,0,0,0,0,0,0,0,0,0,0,0,0,0,0,0,0,0,0,0,0,0,0,0,0,0,0,0,0,0,1710739196004,1710739197004,1
240318100016017,240318100016017001,BCCB000041,B,C,CB,"콜드브루 라떼",1,3000,1,NULL,2,2,1,0,0,0,0,1,0,0,0,400,0,400,0,400,0,400,0,0,0,0,0,0,0,0,0,0,0,0,0,0,0,0,0,0,0,0,0,0,0,0,1710739246046,1710739260545,1
240318100016018,240318100016018001,BCCB000041,B,C,CB,"콜드브루 라떼",1,3000,1,NULL,2,2,1,0,0,0,0,1,0,0,0,400,0,400,0,400,0,400,0,0,0,0,0,0,0,0,0,0,0,0,0,0,0,0,0,0,0,0,0,0,0,0,1710739890942,1710739913124,1
240318100016019,240318100016019001,BNFB000079,B,N,FB,"초코 밀크쉐이크",1,4500,1,NULL,2,2,1,0,0,0,0,1,0,0,0,0,0,0,0,0,0,0,0,0,0,0,0,0,0,0,0,0,0,0,0,0,0,0,0,0,0,0,0,0,0,0,1710740057010,1710740068223,1
240318100016019,240318100016019002,BNFB000079,B,N,FB,"초코 밀크쉐이크",1,4500,1,NULL,2,2,1,0,0,0,0,1,0,0,0,0,0,0,0,0,0,0,0,0,0,0,0,0,0,0,0,0,0,0,0,0,0,0,0,0,0,0,0,0,0,0,1710740058519,1710740068223,1
240318100016019,240318100016019003,BNFB000076,B,N,FB,"솔티카라멜 밀크쉐이크",1,4500,1,NULL,2,2,1,0,0,0,0,1,0,0,0,0,0,0,0,0,0,0,0,0,0,0,0,0,0,0,0,0,0,0,0,0,0,0,0,0,0,0,0,0,0,0,1710740059759,1710740068223,1
240318100016020,240318100016020001,BNTA000057,B,N,TA,"유자 티/에이드",1,2300,1,NULL,2,3,5,0,0,0,0,0,0,0,0,0,0,0,0,0,0,0,0,0,0,0,0,0,0,0,0,0,0,0,0,0,0,0,0,0,0,0,0,0,0,0,1710741073650,1710741090001,1
240318100016020,240318100016020002,BNTA000068,B,N,TA,"한라봉 티/에이드",1,3500,1,NULL,2,3,5,0,0,0,0,0,0,0,0,0,0,0,0,0,0,0,0,0,0,0,0,0,0,0,0,0,0,0,0,0,0,0,0,0,0,0,0,0,0,0,1710741070896,1710741086046,1
240318100016020,240318100016020003,BNTA000059,B,N,TA,"자몽 티/에이드",1,3500,1,NULL,2,3,5,0,0,0,0,0,0,0,0,0,0,0,0,0,0,0,0,0,0,0,0,0,0,0,0,0,0,0,0,0,0,0,0,0,0,0,0,0,0,0,1710741062197,1710741078535,1
240318100016021,240318100016021001,FDDS000098,F,D,DS,"매머드 초코 파운드 케이크",2,3400,1,NULL,0,0,0,0,0,0,0,0,0,0,0,0,0,0,0,0,0,0,0,0,0,0,0,0,0,0,0,0,0,0,0,0,0,0,0,0,0,0,0,0,0,0,1710742601716,1710742605562,1
240318100016022,240318100016022001,BCCF000001,B,C,CF,"꿀 라떼",1,3100,1,NULL,2,2,1,0,0,0,0,1,0,0,0,400,0,400,0,400,0,400,0,0,0,0,0,0,0,0,0,0,0,0,0,0,0,0,0,400,0,0,0,0,0,0,1710743764030,1710743768971,1
240318100016023,240318100016023001,BCCB000034,B,C,CB,"디카페인 달고나 콜드브루 라떼",1,5000,1,NULL,2,2,1,0,0,0,0,1,0,0,0,0,0,0,0,0,0,0,0,0,0,500,0,0,0,0,0,0,0,0,0,0,0,0,0,0,0,0,0,0,0,0,1710743833669,1710743834669,1
240318100016024,240318100016024001,BNLT000048,B,N,LT,"토피넛 라떼",1,3300,1,NULL,2,2,1,0,0,0,0,1,0,0,0,0,0,0,0,0,0,400,0,500,0,0,0,0,0,0,0,0,0,0,0,0,0,0,0,400,0,0,0,0,0,0,1710743862565,1710743868960,1
240318100016025,240318100016025001,RRRD000134,R,R,RD,분다버그(망고),3,3600,1,NULL,0,0,0,0,0,0,0,0,0,0,0,0,0,0,0,0,0,0,0,0,0,0,0,0,0,0,0,0,0,0,0,0,0,0,0,0,0,0,0,0,0,0,1710744874931,1710744886339,1
240318100016026,240318100016026001,BNFB000076,B,N,FB,"솔티카라멜 밀크쉐이크",1,4500,1,NULL,2,1,1,0,0,0,0,1,0,0,0,0,0,0,0,0,0,0,0,0,0,0,0,0,0,0,0,0,0,0,0,0,0,0,0,0,0,0,0,0,0,0,1710745598864,1710745605334,1
240318100016027,240318100016027001,BNFB000076,B,N,FB,"솔티카라멜 밀크쉐이크",1,4500,1,NULL,2,1,1,0,0,0,0,1,0,0,0,0,0,0,0,0,0,0,0,0,0,0,0,0,0,0,0,0,0,0,0,0,0,0,0,0,0,0,0,0,0,0,1710745601056,1710745603395,1
240318100016028,240318100016028001,MMMD000145,M,M,MD,"매머드 캡슐 커피 디카페인",3,8500,1,NULL,0,0,0,0,0,0,0,0,0,0,0,0,0,0,0,0,0,0,0,0,0,0,0,0,0,0,0,0,0,0,0,0,0,0,0,0,0,0,0,0,0,0,1710746253019,1710746267655,1
240318100016028,240318100016028002,BCCF000027,B,C,CF,"카페 라떼",1,2700,1,NULL,2,2,1,0,0,0,0,1,0,0,0,0,0,0,0,0,0,400,0,0,0,0,0,0,0,0,0,0,0,0,0,0,0,0,0,400,0,0,0,0,0,0,1710746255259,1710746261722,1
240318100016029,240318100016029001,BCCF000024,B,C,CF,"아몬드 라떼",1,3100,1,NULL,2,2,1,0,0,0,0,1,0,0,0,400,0,400,0,400,0,400,0,0,0,0,0,0,0,0,0,0,0,0,0,0,0,0,0,400,0,0,0,0,0,0,1710746321786,1710746334006,1
240318100016030,240318100016030001,BCCF000020,B,C,CF,"바닐라 라떼",1,3100,1,NULL,2,2,1,0,0,0,0,1,0,0,0,400,0,400,0,400,0,400,0,0,0,0,0,0,0,0,0,0,0,0,0,0,0,0,0,400,0,0,0,0,0,0,1710746508882,1710746524577,1
240318100016031,240318100016031001,BNLT000042,B,N,LT,"고구마 라떼",1,3400,1,NULL,2,2,1,0,0,0,0,1,0,0,0,0,0,0,0,0,0,400,0,500,0,0,0,0,0,0,0,0,0,0,0,0,0,0,0,400,0,0,0,0,0,0,1710746642607,1710746647882,1
240318100016032,240318100016032001,BNTA000062,B,N,TA,"청귤 티/에이드",1,3500,1,NULL,2,3,2,0,0,0,0,0,0,0,0,0,0,0,0,0,0,0,0,0,0,0,0,0,0,0,0,0,0,0,0,0,0,0,0,0,0,0,0,0,0,0,1710747118606,1710747125400,1
240318100016032,240318100016032002,BNFB000076,B,N,FB,"솔티카라멜 밀크쉐이크",1,4500,1,NULL,2,3,1,0,0,0,0,1,0,0,0,0,0,0,0,0,0,0,0,0,0,0,0,0,0,0,0,0,0,0,0,0,0,0,0,0,0,0,0,0,0,0,1710747120217,1710747127061,1
240318100016033,240318100016033001,BNLT000044,B,N,LT,"달고나 라떼",1,4000,1,NULL,2,2,1,0,0,0,0,1,0,0,0,0,0,0,0,0,0,0,0,0,0,500,0,0,0,0,0,0,0,0,0,0,0,0,0,400,0,0,0,0,0,0,1710747210078,1710747215347,1
240318100016034,240318100016034001,BCCF000001,B,C,CF,"꿀 라떼",1,3100,1,NULL,2,2,1,0,0,0,0,1,0,0,0,400,0,400,0,400,0,400,0,0,0,0,0,0,0,0,0,0,0,0,0,0,0,0,0,400,0,0,0,0,0,0,1710747491597,1710747494449,1
240318100016035,240318100016035001,BCCB000033,B,C,CB,"돌체 콜드브루 라떼",1,3500,1,NULL,2,1,1,0,0,0,0,1,0,0,0,0,0,0,0,0,0,0,0,0,0,0,0,0,0,0,0,0,0,0,0,0,0,0,0,0,0,0,0,0,0,0,1710748460875,1710748461875,1
240318100016036,240318100016036001,BCCF000018,B,C,CF,"믹스 커피",1,3000,1,NULL,2,2,1,0,0,0,0,0,0,0,0,0,0,0,0,0,0,0,0,0,0,0,0,0,0,0,0,0,0,0,0,0,0,0,0,0,0,0,0,0,0,0,1710748699795,1710748700795,1
240318100016037,240318100016037001,BCCB000032,B,C,CB,"달고나 콜드브루 라떼",1,4500,1,NULL,2,2,1,0,0,0,0,1,0,0,0,0,0,0,0,0,0,0,0,0,0,500,0,0,0,0,0,0,0,0,0,0,0,0,0,0,0,0,0,0,0,0,1710748700320,1710748701320,1
240318100016038,240318100016038001,BCCF000002,B,C,CF,"꿀 커피",1,2300,1,NULL,2,2,1,0,0,0,0,0,0,0,0,400,0,400,0,400,0,400,0,0,0,0,0,0,0,0,0,0,0,0,0,0,0,0,0,400,0,0,0,0,0,0,1710748887779,1710748888779,1
240318100016039,240318100016039001,BCCF000027,B,C,CF,"카페 라떼",1,2700,1,NULL,2,2,1,0,0,0,0,1,0,0,0,0,0,0,0,0,0,400,0,0,0,0,0,0,0,0,0,0,0,0,0,0,0,0,0,400,0,0,0,0,0,0,1710748888362,1710748889362,1
240318100016040,240318100016040001,RRRD000135,R,R,RD,분다버그(진저비어),3,3600,1,NULL,0,0,0,0,0,0,0,0,0,0,0,0,0,0,0,0,0,0,0,0,0,0,0,0,0,0,0,0,0,0,0,0,0,0,0,0,0,0,0,0,0,0,1710748888888,1710748889888,1
240318100016041,240318100016041001,FDDS000092,F,D,DS,"매머드 레몬 파운드 케이크",2,3400,1,NULL,0,0,0,0,0,0,0,0,0,0,0,0,0,0,0,0,0,0,0,0,0,0,0,0,0,0,0,0,0,0,0,0,0,0,0,0,0,0,0,0,0,0,1710748889377,1710748890377,1
240318100016042,240318100016042001,BCCB000033,B,C,CB,"돌체 콜드브루 라떼",1,3500,1,NULL,2,2,1,0,0,0,0,1,0,0,0,0,0,0,0,0,0,0,0,0,0,0,0,0,0,0,0,0,0,0,0,0,0,0,0,0,0,0,0,0,0,0,1710748889893,1710748890893,1
240318100016043,240318100016043001,BCCF000027,B,C,CF,"카페 라떼",1,2700,1,NULL,2,2,1,0,0,0,0,1,0,0,0,0,0,0,0,0,0,400,0,0,0,0,0,0,0,0,0,0,0,0,0,0,0,0,0,400,0,0,0,0,0,0,1710748890482,1710748891482,1
240318100016044,240318100016044001,BCCF000027,B,C,CF,"카페 라떼",1,2700,1,NULL,2,2,1,0,0,0,0,1,0,0,0,0,0,0,0,0,0,400,0,0,0,0,0,0,0,0,0,0,0,0,0,0,0,0,0,400,0,0,0,0,0,0,1710748983284,1710748987778,1
240318100016045,240318100016045001,BCCF000001,B,C,CF,"꿀 라떼",1,3100,1,NULL,2,2,1,0,0,0,0,1,0,0,0,400,0,400,0,400,0,400,0,0,0,0,0,0,0,0,0,0,0,0,0,0,0,0,0,400,0,0,0,0,0,0,1710749080870,1710749086393,1
240318100016046,240318100016046001,BCCF000023,B,C,CF,아메리카노,1,1600,1,NULL,2,2,1,0,0,0,0,0,0,0,0,400,0,400,0,0,0,400,0,0,0,0,0,0,0,0,0,0,0,0,0,0,0,0,0,400,0,0,0,0,0,0,1710749291141,1710749295825,1
240318100016047,240318100016047001,BNLT000043,B,N,LT,"녹차 라떼",1,3300,1,NULL,2,2,1,0,0,0,0,1,0,0,0,0,0,0,0,0,0,400,0,500,0,0,0,0,0,0,0,0,0,0,0,0,0,0,0,400,0,0,0,0,0,0,1710749326590,1710749328814,1
240318100016048,240318100016048001,BCCF000027,B,C,CF,"카페 라떼",1,2700,1,NULL,2,2,1,0,0,0,0,1,0,0,0,0,0,0,0,0,0,400,0,0,0,0,0,0,0,0,0,0,0,0,0,0,0,0,0,400,0,0,0,0,0,0,1710749531931,1710749532931,1
240318100016049,240318100016049001,BCCF000002,B,C,CF,"꿀 커피",1,2300,1,NULL,2,2,1,0,0,0,0,0,0,0,0,400,0,400,0,400,0,400,0,0,0,0,0,0,0,0,0,0,0,0,0,0,0,0,0,400,0,0,0,0,0,0,1710749581898,1710749583652,1
240318100016050,240318100016050001,BCCF000023,B,C,CF,아메리카노,1,1600,1,NULL,2,2,1,0,0,0,0,0,0,0,0,400,0,400,0,0,0,400,0,0,0,0,0,0,0,0,0,0,0,0,0,0,0,0,0,400,0,0,0,0,0,0,1710749587142,1710749588935,1
240318100016051,240318100016051001,BCCB000041,B,C,CB,"콜드브루 라떼",1,3000,1,NULL,2,2,1,0,0,0,0,1,0,0,0,400,0,400,0,400,0,400,0,0,0,0,0,0,0,0,0,0,0,0,0,0,0,0,0,0,0,0,0,0,0,0,1710749691290,1710749692290,1
240318100016052,240318100016052001,BCCF000023,B,C,CF,아메리카노,1,1600,1,NULL,2,2,1,0,0,0,0,0,0,0,0,400,0,400,0,0,0,400,0,0,0,0,0,0,0,0,0,0,0,0,0,0,0,0,0,400,0,0,0,0,0,0,1710749711959,1710749713956,1
240318100016053,240318100016053001,BCCF000027,B,C,CF,"카페 라떼",1,2700,1,NULL,2,2,1,0,0,0,0,1,0,0,0,0,0,0,0,0,0,400,0,0,0,0,0,0,0,0,0,0,0,0,0,0,0,0,0,400,0,0,0,0,0,0,1710749757718,1710749761649,1
240318100016054,240318100016054001,BNTA000062,B,N,TA,"청귤 티/에이드",1,3500,1,NULL,2,2,5,0,0,0,0,0,0,0,0,0,0,0,0,0,0,0,0,0,0,0,0,0,0,0,0,0,0,0,0,0,0,0,0,0,0,0,0,0,0,0,1710749790485,1710749791485,1
240318100016055,240318100016055001,BCCB000040,B,C,CB,콜드브루,1,2300,1,NULL,2,2,1,0,0,0,0,0,0,0,0,400,0,400,0,400,0,400,0,0,0,0,0,0,0,0,0,0,0,0,0,0,0,0,0,0,0,0,0,0,0,0,1710749851982,1710749853823,1
240318100016056,240318100016056001,BNLT000044,B,N,LT,"달고나 라떼",1,4000,1,NULL,2,2,1,0,0,0,0,1,0,0,0,0,0,0,0,0,0,0,0,0,0,500,0,0,0,0,0,0,0,0,0,0,0,0,0,400,0,0,0,0,0,0,1710749880865,1710749881865,1
240318100016057,240318100016057001,BCCF000023,B,C,CF,아메리카노,1,1600,1,NULL,2,2,1,0,0,0,0,0,0,0,0,400,0,400,0,0,0,400,0,0,0,0,0,0,0,0,0,0,0,0,0,0,0,0,0,400,0,0,0,0,0,0,1710750427154,1710750428154,1
240318100016058,240318100016058001,FDDS000097,F,D,DS,"매머드 미트 칠리 핫도그 세트",1,6400,1,NULL,2,2,1,0,0,0,0,0,0,0,0,400,0,400,0,0,0,400,0,0,0,0,0,0,0,0,0,0,0,0,0,0,0,0,0,400,0,0,0,0,0,0,1710750586482,1710750589375,1
240318100016059,240318100016059001,BCCB000033,B,C,CB,"돌체 콜드브루 라떼",1,3500,1,NULL,2,2,1,0,0,0,0,1,0,0,0,0,0,0,0,0,0,0,0,0,0,0,0,0,0,0,0,0,0,0,0,0,0,0,0,0,0,0,0,0,0,0,1710750900579,1710750902223,1
240318100016060,240318100016060001,BNLT000044,B,N,LT,"달고나 라떼",1,4000,1,NULL,2,2,1,0,0,0,0,1,0,0,0,0,0,0,0,0,0,0,0,0,0,500,0,0,0,0,0,0,0,0,0,0,0,0,0,400,0,0,0,0,0,0,1710751429395,1710751430395,1
240318100016061,240318100016061001,BNLT000044,B,N,LT,"달고나 라떼",1,4000,1,NULL,2,2,1,0,0,0,0,1,0,0,0,0,0,0,0,0,0,0,0,0,0,500,0,0,0,0,0,0,0,0,0,0,0,0,0,400,0,0,0,0,0,0,1710751430319,1710751431319,1
240318100016062,240318100016062001,BCCB000041,B,C,CB,"콜드브루 라떼",1,3000,1,NULL,2,2,1,0,0,0,0,1,0,0,0,400,0,400,0,400,0,400,0,0,0,0,0,0,0,0,0,0,0,0,0,0,0,0,0,0,0,0,0,0,0,0,1710751938220,1710751939220,1
240318100016063,240318100016063001,BCCB000041,B,C,CB,"콜드브루 라떼",1,3000,1,NULL,2,2,1,0,0,0,0,1,0,0,0,400,0,400,0,400,0,400,0,0,0,0,0,0,0,0,0,0,0,0,0,0,0,0,0,0,0,0,0,0,0,0,1710751938844,1710751939844,1
240318100016064,240318100016064001,BCCB000041,B,C,CB,"콜드브루 라떼",1,3000,1,NULL,2,2,1,0,0,0,0,1,0,0,0,400,0,400,0,400,0,400,0,0,0,0,0,0,0,0,0,0,0,0,0,0,0,0,0,0,0,0,0,0,0,0,1710751939370,1710751940370,1
240318100016065,240318100016065001,BCCB000041,B,C,CB,"콜드브루 라떼",1,3000,1,NULL,2,2,1,0,0,0,0,4,0,0,0,400,0,400,0,400,0,400,0,0,0,0,0,0,0,0,0,0,0,0,0,0,0,0,0,0,0,0,0,0,0,0,1710751939922,1710751940922,1
240318100016066,240318100016066001,BCCB000033,B,C,CB,"돌체 콜드브루 라떼",1,3500,1,NULL,2,2,1,0,0,0,0,1,0,0,0,0,0,0,0,0,0,0,0,0,0,0,0,0,0,0,0,0,0,0,0,0,0,0,0,0,0,0,0,0,0,0,1710751940465,1710751941465,1
240318100016067,240318100016067001,BCCB000033,B,C,CB,"돌체 콜드브루 라떼",1,3500,1,NULL,2,2,1,0,0,0,0,1,0,0,0,0,0,0,0,0,0,0,0,0,0,0,0,0,0,0,0,0,0,0,0,0,0,0,0,0,0,0,0,0,0,0,1710752120024,1710752121024,1
240318100016068,240318100016068001,BCCB000033,B,C,CB,"돌체 콜드브루 라떼",1,3500,1,NULL,2,2,1,0,0,0,0,1,0,0,0,0,0,0,0,0,0,0,0,0,0,0,0,0,0,0,0,0,0,0,0,0,0,0,0,0,0,0,0,0,0,0,1710752120478,1710752121478,1
240318100016069,240318100016069001,BCCB000033,B,C,CB,"돌체 콜드브루 라떼",1,3500,1,NULL,2,2,1,0,0,0,0,1,0,0,0,0,0,0,0,0,0,0,0,0,0,0,0,0,0,0,0,0,0,0,0,0,0,0,0,0,0,0,0,0,0,0,1710752155871,1710752160168,1
240318100016070,240318100016070001,BCCB000037,B,C,CB,"디카페인 콜드브루 라떼",1,3500,1,NULL,2,2,1,0,0,0,0,1,0,0,0,400,0,400,0,400,0,400,0,0,0,0,0,0,0,0,0,0,0,0,0,0,0,0,0,0,0,0,0,0,0,0,1710752599950,1710752604347,1
240318100016071,240318100016071001,BCCB000033,B,C,CB,"돌체 콜드브루 라떼",1,3500,1,NULL,2,2,1,0,0,0,0,1,0,0,0,0,0,0,0,0,0,0,0,0,0,0,0,0,0,0,0,0,0,0,0,0,0,0,0,0,0,0,0,0,0,0,1710752871718,1710752876167,1
240318100016072,240318100016072001,BCCB000032,B,C,CB,"달고나 콜드브루 라떼",1,4500,1,NULL,2,2,1,0,0,0,0,1,0,0,0,0,0,0,0,0,0,0,0,0,0,500,0,0,0,0,0,0,0,0,0,0,0,0,0,0,0,0,0,0,0,0,1710752872714,1710752876912,1
240318100016073,240318100016073001,BCCF000023,B,C,CF,아메리카노,1,1600,1,NULL,2,2,1,0,0,0,0,0,0,0,0,400,0,400,0,0,0,400,0,0,0,0,0,0,0,0,0,0,0,0,0,0,0,0,0,400,0,0,0,0,0,0,1710752873466,1710752877556,1
240318100016074,240318100016074001,BCCB000032,B,C,CB,"달고나 콜드브루 라떼",1,4500,1,NULL,2,2,1,0,0,0,0,1,0,0,0,0,0,0,0,0,0,0,0,0,0,500,0,0,0,0,0,0,0,0,0,0,0,0,0,0,0,0,0,0,0,0,1710754020413,1710754027086,1
240318100016075,240318100016075001,BNLT000048,B,N,LT,"토피넛 라떼",1,3300,1,NULL,2,2,1,0,0,0,0,1,0,0,0,0,0,0,0,0,0,400,0,500,0,0,0,0,0,0,0,0,0,0,0,0,0,0,0,400,0,0,0,0,0,0,1710760939794,1710760956504,1
240318100016076,240318100016076001,BNFB000072,B,N,FB,"민트 초코 프라페",1,4500,1,NULL,2,2,1,0,0,2,0,1,0,0,0,0,0,0,0,0,0,0,0,0,0,0,0,0,0,0,0,0,0,0,0,0,0,0,0,0,0,0,0,0,0,0,1710760987802,1710760990296,1
240318100016077,240318100016077001,BCCB000033,B,C,CB,"돌체 콜드브루 라떼",1,3500,1,NULL,2,2,1,0,0,0,0,1,0,0,0,0,0,0,0,0,0,0,0,0,0,0,0,0,0,0,0,0,0,0,0,0,0,0,0,0,0,0,0,0,0,0,1710761931159,1710761934895,1
240318100016078,240318100016078001,BCCF000001,B,C,CF,"꿀 라떼",1,3100,1,NULL,2,2,1,0,0,0,0,1,0,0,0,400,0,400,0,400,0,400,0,0,0,0,0,0,0,0,0,0,0,0,0,0,0,0,0,400,0,0,0,0,0,0,1710761932733,1710761935894,1
240318100016079,240318100016079001,BCCF000001,B,C,CF,"꿀 라떼",1,3100,1,NULL,2,2,1,0,0,0,0,1,0,0,0,400,0,400,0,400,0,400,0,0,0,0,0,0,0,0,0,0,0,0,0,0,0,0,0,400,0,0,0,0,0,0,1710762126605,1710762127968,1
240318100016080,240318100016080001,BCCF000002,B,C,CF,"꿀 커피",1,2300,1,NULL,2,2,1,0,0,0,0,0,0,0,0,400,0,400,0,400,0,400,0,0,0,0,0,0,0,0,0,0,0,0,0,0,0,0,0,400,0,0,0,0,0,0,1710763508675,1710763509675,1
240318100016081,240318100016081001,BCCB000041,B,C,CB,"콜드브루 라떼",1,3000,1,NULL,2,2,1,0,0,0,0,1,0,0,0,400,0,400,0,400,0,400,0,0,0,0,0,0,0,0,0,0,0,0,0,0,0,0,0,0,0,0,0,0,0,0,1710763505769,1710763507226,1
240318100016082,240318100016082001,BCCB000033,B,C,CB,"돌체 콜드브루 라떼",1,3500,1,NULL,2,2,1,0,0,0,0,1,0,0,0,0,0,0,0,0,0,0,0,0,0,0,0,0,0,0,0,0,0,0,0,0,0,0,0,0,0,0,0,0,0,0,1710763570693,1710763572421,1
240318100016083,240318100016083001,BCCF000002,B,C,CF,"꿀 커피",1,2300,1,NULL,2,2,1,0,0,0,0,0,0,0,0,400,0,400,0,400,0,400,0,0,0,0,0,0,0,0,0,0,0,0,0,0,0,0,0,400,0,0,0,0,0,0,1710764364260,1710764365260,1
240318100016084,240318100016084001,BCCB000041,B,C,CB,"콜드브루 라떼",1,3000,1,NULL,2,2,1,0,0,0,0,1,0,0,0,400,0,400,0,400,0,400,0,0,0,0,0,0,0,0,0,0,0,0,0,0,0,0,0,0,0,0,0,0,0,0,1710764365004,1710764366004,1
240318100016085,240318100016085001,BCCB000033,B,C,CB,"돌체 콜드브루 라떼",1,3500,1,NULL,2,2,1,0,0,0,0,1,0,0,0,0,0,0,0,0,0,0,0,0,0,0,0,0,0,0,0,0,0,0,0,0,0,0,0,0,0,0,0,0,0,0,1710764359979,1710764362043,1
240318100016086,240318100016086001,BCCB000033,B,C,CB,"돌체 콜드브루 라떼",1,3500,1,NULL,2,2,1,0,0,0,0,1,0,0,0,0,0,0,0,0,0,0,0,0,0,0,0,0,0,0,0,0,0,0,0,0,0,0,0,0,0,0,0,0,0,0,1710768419524,1710768420524,1
240318100016087,240318100016087001,BCCB000033,B,C,CB,"돌체 콜드브루 라떼",1,3500,1,NULL,2,2,1,0,0,0,0,1,0,0,0,0,0,0,0,0,0,0,0,0,0,0,0,0,0,0,0,0,0,0,0,0,0,0,0,0,0,0,0,0,0,0,1710768420159,1710768421159,1
240318100016088,240318100016088001,BCCB000033,B,C,CB,"돌체 콜드브루 라떼",1,3500,1,NULL,2,2,1,0,0,0,0,1,0,0,0,0,0,0,0,0,0,0,0,0,0,0,0,0,0,0,0,0,0,0,0,0,0,0,0,0,0,0,0,0,0,0,1710768420806,1710768421806,1
240318100016089,240318100016089001,BCCB000033,B,C,CB,"돌체 콜드브루 라떼",1,3500,1,NULL,2,2,1,0,0,0,0,1,0,0,0,0,0,0,0,0,0,0,0,0,0,0,0,0,0,0,0,0,0,0,0,0,0,0,0,0,0,0,0,0,0,0,1710768421545,1710768422545,1
240318100016090,240318100016090001,BCCB000033,B,C,CB,"돌체 콜드브루 라떼",1,3500,1,NULL,2,2,1,0,0,0,0,1,0,0,0,0,0,0,0,0,0,0,0,0,0,0,0,0,0,0,0,0,0,0,0,0,0,0,0,0,0,0,0,0,0,0,1710768422165,1710768423165,1
240318100016091,240318100016091001,BCCB000033,B,C,CB,"돌체 콜드브루 라떼",1,3500,1,NULL,2,2,1,0,0,0,0,1,0,0,0,0,0,0,0,0,0,0,0,0,0,0,0,0,0,0,0,0,0,0,0,0,0,0,0,0,0,0,0,0,0,0,1710768422710,1710768423710,1
240318100016092,240318100016092001,BCCB000032,B,C,CB,"달고나 콜드브루 라떼",1,4500,1,NULL,2,2,1,0,0,0,0,1,0,0,0,0,0,0,0,0,0,0,0,0,0,500,0,0,0,0,0,0,0,0,0,0,0,0,0,0,0,0,0,0,0,0,1710768423243,1710768424243,1
240318100016093,240318100016093001,BNLT000043,B,N,LT,"녹차 라떼",1,3300,1,NULL,2,2,1,0,0,0,0,1,0,0,0,0,0,0,0,0,0,400,0,500,0,0,0,0,0,0,0,0,0,0,0,0,0,0,0,400,0,0,0,0,0,0,1710768423751,1710768424751,1
240318100016094,240318100016094001,BNLT000046,B,N,LT,"아몬드 밀크티",1,3700,1,NULL,2,2,1,0,0,0,0,1,0,0,0,0,0,0,0,0,0,400,0,500,0,0,0,0,0,0,0,0,0,0,0,0,0,0,0,400,0,0,0,0,0,0,1710768424257,1710768425257,1
240318100016095,240318100016095001,BNLT000045,B,N,LT,"로얄 밀크티",1,3500,1,NULL,2,2,1,0,0,0,0,1,0,0,0,0,0,0,0,0,0,400,0,500,0,0,0,0,0,0,0,0,0,0,0,0,0,0,0,400,0,0,0,0,0,0,1710768424746,1710768425746,1
240318100016096,240318100016096001,BCCB000032,B,C,CB,"달고나 콜드브루 라떼",1,4500,1,NULL,2,2,1,0,0,0,0,1,0,0,0,0,0,0,0,0,0,0,0,0,0,500,0,0,0,0,0,0,0,0,0,0,0,0,0,0,0,0,0,0,0,0,1710768425244,1710768426244,1
240318100016097,240318100016097001,BCCB000033,B,C,CB,"돌체 콜드브루 라떼",1,3500,1,NULL,2,2,1,0,0,0,0,1,0,0,0,0,0,0,0,0,0,0,0,0,0,0,0,0,0,0,0,0,0,0,0,0,0,0,0,0,0,0,0,0,0,0,1710768425715,1710768426715,1
240318100016098,240318100016098001,BCCB000033,B,C,CB,"돌체 콜드브루 라떼",1,3500,1,NULL,2,2,1,0,0,0,0,1,0,0,0,0,0,0,0,0,0,0,0,0,0,0,0,0,0,0,0,0,0,0,0,0,0,0,0,0,0,0,0,0,0,0,1710779530252,1710779531252,1
240319099916001,240319099916001001,BCCF000001,B,C,CF,"꿀 라떼",1,3100,1,NULL,2,2,1,0,0,0,0,1,0,0,0,400,0,400,0,400,0,400,0,0,0,0,0,0,0,0,0,0,0,0,0,0,0,0,0,400,0,0,0,0,0,0,1710821832062,1710821833062,1
240319099916002,240319099916002001,BCCF000020,B,C,CF,"바닐라 라떼",1,3100,1,NULL,2,2,1,0,0,0,0,1,0,0,0,400,0,400,0,400,0,400,0,0,0,0,0,0,0,0,0,0,0,0,0,0,0,0,0,400,0,0,0,0,0,0,1710827545545,1710827546545,1
240319099916003,240319099916003001,BCCF000001,B,C,CF,"꿀 라떼",1,3100,1,NULL,2,2,1,0,0,0,0,1,0,0,0,400,0,400,0,400,0,400,0,0,0,0,0,0,0,0,0,0,0,0,0,0,0,0,0,400,0,0,0,0,0,0,1710829852522,1710829853522,1
240319099916004,240319099916004001,BCCF000020,B,C,CF,"바닐라 라떼",1,3100,1,NULL,2,2,1,0,0,0,0,1,0,0,0,400,0,400,0,400,0,400,0,0,0,0,0,0,0,0,0,0,0,0,0,0,0,0,0,400,0,0,0,0,0,0,1710842657523,1710842658523,1
240319099916005,240319099916005001,BCCB000037,B,C,CB,"디카페인 콜드브루 라떼",1,3500,1,NULL,2,2,1,0,0,0,0,1,0,0,0,400,0,400,0,400,0,400,0,0,0,0,0,0,0,0,0,0,0,0,0,0,0,0,0,0,0,0,0,0,0,0,1710842658296,1710842659296,1
240319099916006,240319099916006001,BNFB000074,B,N,FB,"바나나 초코칩 프라페",1,4000,1,NULL,2,2,1,0,0,2,0,1,0,0,0,0,0,0,0,0,0,0,0,0,0,0,0,0,0,0,0,0,0,0,0,0,0,0,0,0,0,0,0,0,0,0,1710842658993,1710842659993,1
240319099916007,240319099916007001,BCCF000023,B,C,CF,아메리카노,1,1600,1,NULL,2,2,1,0,0,0,0,0,0,0,0,400,0,400,0,0,0,400,0,0,0,0,0,0,0,0,0,0,0,0,0,0,0,0,0,400,0,0,0,0,0,0,1710844291456,1710844292456,1
240319099916008,240319099916008001,BCCF000027,B,C,CF,"카페 라떼",1,2700,1,NULL,2,2,1,0,0,0,0,1,0,0,0,0,0,0,0,0,0,400,0,0,0,0,0,0,0,0,0,0,0,0,0,0,0,0,0,400,0,0,0,0,0,0,1710844537298,1710844544262,1
240319099916009,240319099916009001,BCCF000024,B,C,CF,"아몬드 라떼",1,3100,1,NULL,2,2,1,0,0,0,0,1,0,0,0,400,0,400,0,400,0,400,0,0,0,0,0,0,0,0,0,0,0,0,0,400,0,0,0,400,0,0,0,0,0,0,1710869126066,1710869127066,1
240319099921001,240319099921001001,E0050063,E,0,05,구슬아이스크림(L),1,8000,1,NULL,0,0,0,0,0,0,0,0,0,0,0,0,0,0,0,0,0,0,0,0,0,0,0,0,0,0,0,0,0,0,0,0,0,0,0,0,0,0,0,0,0,0,0,0,0
240319099921002,240319099921002001,E0050063,E,0,05,구슬아이스크림(L),1,8000,1,NULL,0,0,0,0,0,0,0,0,0,0,0,0,0,0,0,0,0,0,0,0,0,0,0,0,0,0,0,0,0,0,0,0,0,0,0,0,0,0,0,0,0,0,1710868646567,1710868647567,0
240319100016001,240319100016001001,BCCF000031,B,C,CF,"헤이즐넛 커피",1,2800,1,NULL,2,3,1,0,0,0,0,0,0,0,0,400,0,400,0,400,0,400,0,0,0,0,0,0,0,0,0,0,0,0,0,0,0,0,0,400,0,0,0,0,0,0,1710816291594,1710816292594,1
240319100016001,240319100016001002,BCCF000030,B,C,CF,"헤이즐넛 라떼",1,3600,1,NULL,2,3,1,0,0,0,0,1,0,0,0,400,0,400,0,400,0,400,0,0,0,0,0,0,0,0,0,0,0,0,0,0,0,0,0,400,0,0,0,0,0,0,1710816291594,1710816292594,1
240319100016002,240319100016002001,BCCF000031,B,C,CF,"헤이즐넛 커피",1,2800,1,NULL,2,3,1,0,0,0,0,0,0,0,0,400,0,400,0,400,0,400,0,0,0,0,0,0,0,0,0,0,0,0,0,0,0,0,0,400,0,0,0,0,0,0,1710816309653,1710816310653,1
240319100016002,240319100016002002,BCCF000030,B,C,CF,"헤이즐넛 라떼",1,3600,1,NULL,2,3,1,0,0,0,0,1,0,0,0,400,0,400,0,400,0,400,0,0,0,0,0,0,0,0,0,0,0,0,0,0,0,0,0,400,0,0,0,0,0,0,1710816309653,1710816310653,1
240319100016003,240319100016003001,BNLT000043,B,N,LT,"녹차 라떼",1,3300,1,NULL,2,3,1,0,0,0,0,1,0,0,0,0,0,0,0,0,0,400,0,500,0,0,0,0,0,0,0,0,0,0,0,0,0,0,0,400,0,0,0,0,0,0,1710806610155,1710806611155,1
240319100016003,240319100016003002,BNTA000051,B,N,TA,"레몬밤 민트티",1,3500,1,NULL,2,3,1,0,0,0,0,0,0,0,0,0,0,0,0,0,0,0,0,0,0,0,0,0,0,0,0,0,0,0,0,0,0,0,0,0,0,0,0,0,0,0,1710806610155,1710806611155,1
240319100016004,240319100016004001,BCCB000033,B,C,CB,"돌체 콜드브루 라떼",1,3500,1,NULL,2,3,1,0,0,0,0,1,0,0,0,0,0,0,0,0,0,0,0,0,0,0,0,0,0,0,0,0,0,0,0,0,0,0,0,0,0,0,0,0,0,0,1710816325653,1710816326653,1
240319100016004,240319100016004002,BCCB000034,B,C,CB,"디카페인 달고나 콜드브루 라떼",1,5000,1,NULL,2,3,1,0,0,0,0,1,0,0,0,0,0,0,0,0,0,0,0,0,0,500,0,0,0,0,0,0,0,0,0,0,0,0,0,0,0,0,0,0,0,0,1710816325653,1710816326653,1
240319100016005,240319100016005001,BCCB000033,B,C,CB,"돌체 콜드브루 라떼",1,3500,1,NULL,2,3,1,0,0,0,0,1,0,0,0,0,0,0,0,0,0,0,0,0,0,0,0,0,0,0,0,0,0,0,0,0,0,0,0,0,0,0,0,0,0,0,1710816334307,1710816335307,1
240319100016005,240319100016005002,BCCB000034,B,C,CB,"디카페인 달고나 콜드브루 라떼",1,5000,1,NULL,2,3,1,0,0,0,0,1,0,0,0,0,0,0,0,0,0,0,0,0,0,500,0,0,0,0,0,0,0,0,0,0,0,0,0,0,0,0,0,0,0,0,1710816334307,1710816335307,1
240319100016006,240319100016006001,FDDS000094,F,D,DS,"매머드 렐리시 핫도그 세트",1,6400,1,NULL,2,1,1,0,0,0,0,0,0,0,0,400,0,400,0,0,0,400,0,0,0,0,0,0,0,0,0,0,0,0,0,0,0,0,0,400,0,0,0,0,0,0,1710816381865,1710816382865,1
240319100016007,240319100016007001,BCCF000002,B,C,CF,"꿀 커피",1,2300,1,NULL,2,2,1,0,0,0,0,0,0,0,0,400,0,400,0,400,0,400,0,0,0,0,0,0,0,0,0,0,0,0,0,0,0,0,0,400,0,0,0,0,0,0,1710816439195,1710816440195,1
240319100016007,240319100016007002,BCCF000023,B,C,CF,아메리카노,1,1600,1,NULL,2,2,1,0,0,0,0,0,0,0,0,400,0,400,0,0,0,400,0,0,0,0,0,0,0,0,0,0,0,0,0,0,0,0,0,400,0,0,0,0,0,0,1710816439195,1710816440195,1
240319100016007,240319100016007003,BCCF000001,B,C,CF,"꿀 라떼",1,3100,1,NULL,2,2,1,0,0,0,0,1,0,0,0,400,0,400,0,400,0,400,0,0,0,0,0,0,0,0,0,0,0,0,0,0,0,0,0,400,0,0,0,0,0,0,1710816439195,1710816440195,1
240319100016008,240319100016008001,BCCF000023,B,C,CF,아메리카노,1,1600,1,NULL,2,2,1,0,0,0,0,0,0,0,0,400,0,400,0,0,0,400,0,0,0,0,0,0,0,0,0,0,0,0,0,0,0,0,0,400,0,0,0,0,0,0,1710816456894,1710816457894,1
240319100016009,240319100016009001,BCCF000023,B,C,CF,아메리카노,1,1600,1,NULL,2,2,1,0,0,0,0,0,0,0,0,400,0,400,0,0,0,400,0,0,0,0,0,0,0,0,0,0,0,0,0,0,0,0,0,400,0,0,0,0,0,0,1710816466050,1710816467050,1
240319100016009,240319100016009002,BCCF000028,B,C,CF,"카페 모카",1,3300,1,NULL,2,2,1,0,0,0,0,1,0,0,0,400,0,400,0,400,0,400,0,0,0,0,0,0,0,0,0,0,0,0,0,0,0,0,0,400,0,0,0,0,0,0,1710816466050,1710816467050,1
240319100016010,240319100016010001,BCCF000023,B,C,CF,아메리카노,1,1600,1,NULL,2,2,1,0,0,0,0,0,0,0,0,400,0,400,0,0,0,400,0,0,0,0,0,0,0,0,0,0,0,0,0,0,0,0,0,400,0,0,0,0,0,0,1710833094296,1710833095296,1
240319100016010,240319100016010002,BCCF000028,B,C,CF,"카페 모카",1,3300,1,NULL,2,2,1,0,0,0,0,1,0,0,0,400,0,400,0,400,0,400,0,0,0,0,0,0,0,0,0,0,0,0,0,0,0,0,0,400,0,0,0,0,0,0,1710833094296,1710833095296,1
240319100016011,240319100016011001,BCCF000023,B,C,CF,아메리카노,1,1600,1,NULL,2,2,1,0,0,0,0,0,0,0,0,400,0,400,0,0,0,400,0,0,0,0,0,0,0,0,0,0,0,0,0,0,0,0,0,400,0,0,0,0,0,0,1710816499271,1710816500271,1
240319100016012,240319100016012001,BCCF000023,B,C,CF,아메리카노,1,1600,1,NULL,2,2,1,0,0,0,0,0,0,0,0,400,0,400,0,0,0,400,0,0,0,0,0,0,0,0,0,0,0,0,0,0,0,0,0,400,0,0,0,0,0,0,1710816510266,1710816511266,1
240319100016013,240319100016013001,BCCF000023,B,C,CF,아메리카노,1,1600,1,NULL,2,2,1,0,0,0,0,0,0,0,0,400,0,400,0,0,0,400,0,0,0,0,0,0,0,0,0,0,0,0,0,0,0,0,0,400,0,0,0,0,0,0,1710816517311,1710816518311,1
240319100016014,240319100016014001,BCCF000023,B,C,CF,아메리카노,1,1600,1,NULL,2,2,1,0,0,0,0,0,0,0,0,400,0,400,0,0,0,400,0,0,0,0,0,0,0,0,0,0,0,0,0,0,0,0,0,400,0,0,0,0,0,0,1710831707056,1710831708056,1
240319100016015,240319100016015001,BCCF000001,B,C,CF,"꿀 라떼",1,3100,1,NULL,2,2,1,0,0,0,0,1,0,0,0,400,0,400,0,400,0,400,0,0,0,0,0,0,0,0,0,0,0,0,0,0,0,0,0,400,0,0,0,0,0,0,1710831814974,1710831815974,1
240319100016016,240319100016016001,RRRD000134,R,R,RD,분다버그(망고),3,3600,1,NULL,0,0,0,0,0,0,0,0,0,0,0,0,0,0,0,0,0,0,0,0,0,0,0,0,0,0,0,0,0,0,0,0,0,0,0,0,0,0,0,0,0,0,1710831824472,1710831825472,1
240319100016017,240319100016017001,BCCF000023,B,C,CF,아메리카노,1,1600,1,NULL,2,2,1,0,0,0,0,0,0,0,0,400,0,400,0,0,0,400,0,0,0,0,0,0,0,0,0,0,0,0,0,0,0,0,0,400,0,0,0,0,0,0,1710831828423,1710831829423,1
240319100016018,240319100016018001,BCCF000023,B,C,CF,아메리카노,1,1600,1,NULL,2,2,1,0,0,0,0,0,0,0,0,400,0,400,0,0,0,400,0,0,0,0,0,0,0,0,0,0,0,0,0,0,0,0,0,400,0,0,0,0,0,0,1710832001758,1710832002758,1
240319100016019,240319100016019001,BCCF000023,B,C,CF,아메리카노,1,1600,1,NULL,2,2,1,0,0,0,0,0,0,0,0,400,0,400,0,0,0,400,0,0,0,0,0,0,0,0,0,0,0,0,0,0,0,0,0,400,0,0,0,0,0,0,1710832015307,1710832016307,1
240319100016020,240319100016020001,BCCF000023,B,C,CF,아메리카노,1,1600,1,NULL,2,2,1,0,0,0,0,0,0,0,0,400,0,400,0,0,0,400,0,0,0,0,0,0,0,0,0,0,0,0,0,0,0,0,0,400,0,0,0,0,0,0,1710832024774,1710832025774,1
240319100016021,240319100016021001,BCCF000030,B,C,CF,"헤이즐넛 라떼",1,3600,1,NULL,2,2,1,0,0,0,0,1,0,0,0,400,0,400,0,400,0,400,0,0,0,0,0,0,0,0,0,0,0,0,0,0,0,0,0,400,0,0,0,0,0,0,1710832050722,1710832051722,1
240319100016021,240319100016021002,BCCF000025,B,C,CF,"아샷추 아이스티",1,3400,1,NULL,2,2,1,0,0,0,0,0,0,0,0,0,0,0,0,0,0,0,0,0,0,0,0,0,0,0,0,0,0,0,0,0,0,0,0,400,0,0,0,0,0,0,1710832050722,1710832051722,1
240319100016022,240319100016022001,BCCF000023,B,C,CF,아메리카노,1,1600,1,NULL,2,2,1,0,0,0,0,0,0,0,0,400,0,400,0,0,0,400,0,0,0,0,0,0,0,0,0,0,0,0,0,0,0,0,0,400,0,0,0,0,0,0,1710832030422,1710832031422,1
240319100016023,240319100016023001,BCCF000023,B,C,CF,아메리카노,1,1600,1,NULL,2,2,1,0,0,0,0,0,0,0,0,400,0,400,0,0,0,400,0,0,0,0,0,0,0,0,0,0,0,0,0,0,0,0,0,400,0,0,0,0,0,0,1710832035874,1710832036874,1
240319100016024,240319100016024001,BCCF000002,B,C,CF,"꿀 커피",1,2300,1,NULL,2,2,1,0,0,0,0,0,0,0,0,400,0,400,0,400,0,400,0,0,0,0,0,0,0,0,0,0,0,0,0,0,0,0,0,400,0,0,0,0,0,0,1710834271508,1710834272508,1
240319100016025,240319100016025001,BCCB000040,B,C,CB,콜드브루,1,2300,1,NULL,2,2,1,0,0,0,0,0,0,0,0,400,0,400,0,400,0,400,0,0,0,0,0,0,0,0,0,0,0,0,0,0,0,0,0,0,0,0,0,0,0,0,1710835550129,1710835551129,1
240319100016026,240319100016026001,BCCF000023,B,C,CF,아메리카노,1,1600,1,NULL,2,2,1,0,0,0,0,0,0,0,0,400,0,400,0,0,0,400,0,0,0,0,0,0,0,0,0,0,0,0,0,0,0,0,0,400,0,0,0,0,0,0,1710836188394,1710836189901,1
240319100016027,240319100016027001,BCCF000023,B,C,CF,아메리카노,1,1600,1,NULL,2,2,1,0,0,0,0,0,0,0,0,400,0,400,0,0,0,400,0,0,0,0,0,0,0,0,0,0,0,0,0,0,0,0,0,400,0,0,0,0,0,0,1710836242436,1710836243809,1
240319100016028,240319100016028001,BNLT000043,B,N,LT,"녹차 라떼",1,3300,1,NULL,2,2,1,0,0,0,0,1,0,0,0,0,0,0,0,0,0,400,0,500,0,0,0,0,0,0,0,0,0,0,0,0,0,0,0,400,0,0,0,0,0,0,1710837084272,1710837085399,1
240319100016029,240319100016029001,BNFB000072,B,N,FB,"민트 초코 프라페",1,4500,1,NULL,2,2,1,0,0,2,0,1,0,0,0,0,0,0,0,0,0,0,0,0,0,0,0,0,0,0,0,0,0,0,0,0,0,0,0,0,0,0,0,0,0,0,1710847186446,1710847201679,1
240319100016030,240319100016030001,BNFB000073,B,N,FB,밀크쉐이크,1,4000,1,NULL,2,2,1,0,0,0,0,1,0,0,0,0,0,0,0,0,0,0,0,0,0,0,0,0,0,0,0,0,0,0,0,0,0,0,0,0,0,0,0,0,0,0,1710847390181,1710847395320,1
240319MMTHD000111021,240319MMTHD000111021001,BCCF000023,B,C,CF,아메리카노,1,1600,1,NULL,2,2,1,0,0,0,0,0,0,0,0,0,0,0,0,0,0,0,0,0,0,0,0,0,0,0,0,0,0,0,0,0,0,0,0,0,0,0,0,0,0,0,1710834080339,1710834084331,0
240319MMTHD000111022,240319MMTHD000111022001,E0050097,E,0,05,"꿀 우유 크림 도넛",2,3500,1,NULL,0,0,0,0,0,0,0,0,0,0,0,0,0,0,0,0,0,0,0,0,0,0,0,0,0,0,0,0,0,0,0,0,0,0,0,0,0,0,0,0,0,0,1710834793104,1710834794104,0
240319MMTHD000111023,240319MMTHD000111023001,E0050097,E,0,05,"꿀 우유 크림 도넛",2,3500,1,NULL,0,0,0,0,0,0,0,0,0,0,0,0,0,0,0,0,0,0,0,0,0,0,0,0,0,0,0,0,0,0,0,0,0,0,0,0,0,0,0,0,0,0,1710834334574,1710834335574,0
240319MMTHD000111023,240319MMTHD000111023002,BCCF000021,B,C,CF,"바닐라 크럼블 아이스크림 라떼",1,4900,1,NULL,1,2,1,0,0,0,0,1,0,0,0,0,0,0,0,0,0,0,0,0,0,0,0,0,0,0,0,0,0,0,0,0,0,0,0,0,0,0,0,0,0,0,1710834334574,1710834335574,0
240319MMTHD000111023,240319MMTHD000111023003,BCCF000023,B,C,CF,아메리카노,1,1600,1,NULL,2,2,1,0,0,0,0,0,0,0,0,0,0,0,0,0,0,0,0,0,0,0,0,0,0,0,0,0,0,0,0,0,0,0,0,0,0,0,0,0,0,0,1710834334574,1710834335574,0
240319MMTHD000111024,240319MMTHD000111024001,E0050097,E,0,05,"꿀 우유 크림 도넛",2,3500,1,NULL,0,0,0,0,0,0,0,0,0,0,0,0,0,0,0,0,0,0,0,0,0,0,0,0,0,0,0,0,0,0,0,0,0,0,0,0,0,0,0,0,0,0,0,0,0
240319MMTHD000111024,240319MMTHD000111024002,BCCF000025,B,C,CF,"아샷추 아이스티",1,3400,1,NULL,2,2,1,0,0,0,0,0,0,0,0,0,0,0,0,0,0,0,0,0,0,0,0,0,0,0,0,0,0,0,0,0,0,0,0,0,0,0,0,0,0,0,0,0,0
240319MMTHD000111024,240319MMTHD000111024003,BCCF000018,B,C,CF,"믹스 커피 ",1,3000,1,NULL,2,2,1,0,0,0,0,0,0,0,0,0,0,0,0,0,0,0,0,0,0,0,0,0,0,0,0,0,0,0,0,0,0,0,0,0,0,0,0,0,0,0,0,0,0
240319MMTHD000111025,240319MMTHD000111025001,E0050097,E,0,05,"꿀 우유 크림 도넛",2,3500,1,NULL,0,0,0,0,0,0,0,0,0,0,0,0,0,0,0,0,0,0,0,0,0,0,0,0,0,0,0,0,0,0,0,0,0,0,0,0,0,0,0,0,0,0,1710834693228,1710834694228,0
240319MMTHD000111026,240319MMTHD000111026001,BCCF000021,B,C,CF,"바닐라 크럼블 아이스크림 라떼",1,4900,1,NULL,1,3,1,0,0,0,0,1,0,0,0,0,0,0,0,0,0,0,0,0,0,0,0,0,0,0,0,0,0,0,0,0,0,0,0,0,0,0,0,0,0,0,1710834694082,1710834695082,0
240319MMTHD000111027,240319MMTHD000111027001,BCCF000021,B,C,CF,"바닐라 크럼블 아이스크림 라떼",1,4900,1,NULL,1,3,1,0,0,0,0,1,0,0,0,0,0,0,0,0,0,0,0,0,0,0,0,0,0,0,0,0,0,0,0,0,0,0,0,0,0,0,0,0,0,0,1710834625771,1710834626771,0
240319MMTHD000111028,240319MMTHD000111028001,BCCF000021,B,C,CF,"바닐라 크럼블 아이스크림 라떼",1,4900,1,NULL,1,3,1,0,0,0,0,2,0,0,0,0,0,0,0,0,0,0,0,0,0,0,0,0,0,0,0,0,0,0,0,0,0,0,0,0,0,0,0,0,0,0,1710834694688,1710834695688,0
240319MMTHD000111029,240319MMTHD000111029001,E0050097,E,0,05,"꿀 우유 크림 도넛",2,3500,1,NULL,0,0,0,0,0,0,0,0,0,0,0,0,0,0,0,0,0,0,0,0,0,0,0,0,0,0,0,0,0,0,0,0,0,0,0,0,0,0,0,0,0,0,1710834794095,1710834795095,0
240319MMTHD000111030,240319MMTHD000111030001,BCCF000025,B,C,CF,"아샷추 아이스티",1,4400,1,NULL,3,3,1,0,0,0,0,0,0,0,0,0,0,0,0,0,0,0,0,0,0,0,0,0,0,0,0,0,0,0,0,0,0,0,0,0,0,0,0,0,0,0,1710835911612,1710835969347,0
240319MMTHD000111031,240319MMTHD000111031001,BCCF000023,B,C,CF,아메리카노,1,1600,1,NULL,2,2,1,0,0,0,0,0,0,0,0,0,0,0,0,0,0,0,0,0,0,0,0,0,0,0,0,0,0,0,0,0,0,0,0,0,0,0,0,0,0,0,1710838486725,1710838487725,0
240319MMTHD000111032,240319MMTHD000111032001,BCCF000025,B,C,CF,"아샷추 아이스티",1,3400,1,NULL,2,2,1,0,0,0,0,0,0,0,0,0,0,0,0,0,0,0,0,0,0,0,0,0,0,0,0,0,0,0,0,0,0,0,0,0,0,0,0,0,0,0,0,0,0
240319MMTHD000111033,240319MMTHD000111033001,BCCF000025,B,C,CF,"아샷추 아이스티",1,3400,1,NULL,2,2,1,0,0,0,0,0,0,0,0,0,0,0,0,0,0,0,0,0,0,0,0,0,0,0,0,0,0,0,0,0,0,0,0,0,0,0,0,0,0,0,1710839080606,1710839081711,0
240319MMTHD000111033,240319MMTHD000111033002,E0050097,E,0,05,"꿀 우유 크림 도넛",2,3500,1,NULL,0,0,0,0,0,0,0,0,0,0,0,0,0,0,0,0,0,0,0,0,0,0,0,0,0,0,0,0,0,0,0,0,0,0,0,0,0,0,0,0,0,0,1710839085101,1710839085735,0
240319MMTHD000111035,240319MMTHD000111035001,BCCF000018,B,C,CF,"믹스 커피 ",1,3000,1,NULL,2,2,1,0,0,0,0,0,0,0,0,0,0,0,0,0,0,0,0,0,0,0,0,0,0,0,0,0,0,0,0,0,0,0,0,0,0,0,0,0,0,0,1710840936606,1710840937974,0
240319MMTHD000111036,240319MMTHD000111036001,BCCF000025,B,C,CF,"아샷추 아이스티",1,3400,1,NULL,2,2,1,0,0,0,0,0,0,0,0,0,0,0,0,0,0,0,0,0,0,0,0,0,0,0,0,0,0,0,0,0,0,0,0,0,0,0,0,0,0,0,1710840962501,1710840963501,0
240319MMTHD000111036,240319MMTHD000111036002,BCCF000027,B,C,CF,"카페 라떼",1,2700,1,NULL,2,2,2,0,0,0,0,1,0,0,0,0,0,0,0,0,0,0,0,0,0,0,0,0,0,0,0,0,0,0,0,0,0,0,0,0,0,0,0,0,0,0,1710840962501,1710840963501,0
240319MMTHD000111037,240319MMTHD000111037001,BCCF000027,B,C,CF,"카페 라떼",1,2700,1,NULL,2,2,2,0,0,0,0,1,0,0,0,0,0,0,0,0,0,0,0,0,0,0,0,0,0,0,0,0,0,0,0,0,0,0,0,0,0,0,0,0,0,0,1710841910900,1710841911900,0
240319MMTHD000111037,240319MMTHD000111037002,BCCF000027,B,C,CF,"카페 라떼",1,2700,1,NULL,2,2,2,0,0,0,0,1,0,0,0,0,0,0,0,0,0,0,0,0,0,0,0,0,0,0,0,0,0,0,0,0,0,0,0,0,0,0,0,0,0,0,1710841910900,1710841911900,0
240319MMTHD000111038,240319MMTHD000111038001,BCCB000040,B,C,CB,콜드브루,1,2300,1,NULL,2,2,1,0,0,0,0,0,0,0,0,0,0,0,0,0,0,0,0,0,0,0,0,0,0,0,0,0,0,0,0,0,0,0,0,0,0,0,0,0,0,0,1710842666103,1710842667103,0
240319MMTHD000111039,240319MMTHD000111039001,BCCF000021,B,C,CF,"바닐라 크럼블 아이스크림 라떼",1,4900,1,NULL,1,2,1,0,0,0,0,2,0,0,0,0,0,0,0,0,0,0,0,0,0,0,0,0,0,0,0,0,0,0,0,0,0,0,0,0,0,0,0,0,0,0,1710842669865,1710842670865,0
240319MMTHD000111040,240319MMTHD000111040001,BCCF000023,B,C,CF,아메리카노,1,1600,1,NULL,2,2,1,0,0,0,0,0,0,0,0,0,0,0,0,0,0,0,0,0,0,0,0,0,0,0,0,0,0,0,0,0,0,0,0,0,0,0,0,0,0,0,1710842668925,1710842669925,0
240319MMTHD000111041,240319MMTHD000111041001,BCCF000002,B,C,CF,"꿀 커피",1,2300,1,NULL,2,2,1,0,0,0,0,0,0,0,0,0,0,0,0,0,0,0,0,0,0,0,0,0,0,0,0,0,0,0,0,0,0,0,0,0,0,0,0,0,0,0,1710843992126,1710843993126,0
240319MMTHD000111042,240319MMTHD000111042001,BCCF000010,B,C,CF,"디카페인 아메리카노",1,2300,1,NULL,2,2,1,0,0,0,0,0,0,0,0,0,0,0,0,0,0,0,0,0,0,0,0,0,0,0,0,0,0,0,0,0,0,0,0,0,0,0,0,0,0,0,1710845084492,1710845085492,0
240319MMTHD000121001,240319MMTHD000121001001,E0050063,E,0,05,구슬아이스크림(L),1,8000,1,NULL,0,0,0,0,0,0,0,0,0,0,0,0,0,0,0,0,0,0,0,0,0,0,0,0,0,0,0,0,0,0,0,0,0,0,0,0,0,0,0,0,0,0,0,0,0
240319MMTHD000121002,240319MMTHD000121002001,E900000,E,9,00,"EVENT 아메리카노",1,1000,1,NULL,3,2,2,0,0,0,0,0,0,0,0,0,0,0,0,0,0,0,0,0,0,0,0,0,0,0,0,0,0,0,0,0,0,0,0,0,0,0,0,0,0,0,0,0,0
240319MMTHD000121003,240319MMTHD000121003001,E900000,E,9,00,"EVENT 아메리카노",1,1000,1,NULL,3,2,1,0,0,0,0,0,0,0,0,0,0,0,0,0,0,0,0,0,0,0,0,0,0,0,0,0,0,0,0,0,0,0,0,0,0,0,0,0,0,0,0,0,0
240319MMTHD000121004,240319MMTHD000121004001,E900000,E,9,00,"EVENT 아메리카노",1,1000,1,NULL,3,2,2,0,0,0,0,0,0,0,0,0,0,0,0,0,0,0,0,0,0,0,0,0,0,0,0,0,0,0,0,0,0,0,0,0,0,0,0,0,0,0,0,0,0
240319MMTHD000121005,240319MMTHD000121005001,E900000,E,9,00,"EVENT 아메리카노",1,1000,1,NULL,3,2,1,0,0,0,0,0,0,0,0,0,0,0,0,0,0,0,0,0,0,0,0,0,0,0,0,0,0,0,0,0,0,0,0,0,0,0,0,0,0,0,0,0,0
240319MMTHD000121006,240319MMTHD000121006001,E900000,E,9,00,"EVENT 아메리카노",1,1000,1,NULL,3,2,1,0,0,0,0,0,0,0,0,0,0,0,0,0,0,0,0,0,0,0,0,0,0,0,0,0,0,0,0,0,0,0,0,0,0,0,0,0,0,0,0,0,0
240319MMTHD000121007,240319MMTHD000121007001,E900000,E,9,00,"EVENT 아메리카노",1,1000,1,NULL,3,2,1,0,0,0,0,0,0,0,0,0,0,0,0,0,0,0,0,0,0,0,0,0,0,0,0,0,0,0,0,0,0,0,0,0,0,0,0,0,0,0,0,0,0
240319MMTHD000121008,240319MMTHD000121008001,BCCF000023,B,C,CF,아메리카노,1,1600,1,NULL,2,2,1,0,0,0,0,0,0,0,0,0,0,0,0,0,0,0,0,0,0,0,0,0,0,0,0,0,0,0,0,0,0,0,0,0,0,0,0,0,0,0,0,0,0
240319MMTHD000121009,240319MMTHD000121009001,BCCF000025,B,C,CF,"아샷추 아이스티",1,3400,1,NULL,2,2,1,0,0,0,0,0,0,0,0,0,0,0,0,0,0,0,0,0,0,0,0,0,0,0,0,0,0,0,0,0,0,0,0,0,0,0,0,0,0,0,0,0,0
240319MMTHD000121010,240319MMTHD000121010001,M008057,M,0,08,"아샷추 아이스티",1,3500,1,NULL,0,0,0,0,0,0,0,0,0,0,0,0,0,0,0,0,0,0,0,0,0,0,0,0,0,0,0,0,0,0,0,0,0,0,0,0,0,0,0,0,0,0,0,0,0
240319MMTHD000121011,240319MMTHD000121011001,M000001,M,0,00,아메리카노,1,2800,1,NULL,0,0,0,0,0,0,0,0,0,0,0,0,0,0,0,0,0,0,0,0,0,0,0,0,0,0,0,0,0,0,0,0,0,0,0,0,0,0,0,0,0,0,0,0,0
240319MMTHD000121012,240319MMTHD000121012001,M008057,M,0,08,"아샷추 아이스티",1,3500,1,NULL,0,0,0,0,0,0,0,0,0,0,0,0,0,0,0,0,0,0,0,0,0,0,0,0,0,0,0,0,0,0,0,0,0,0,0,0,0,0,0,0,0,0,0,0,0
240319MMTHD000121013,240319MMTHD000121013001,M008057,M,0,08,"아샷추 아이스티",1,3500,1,NULL,0,0,0,0,0,0,0,0,0,0,0,0,0,0,0,0,0,0,0,0,0,0,0,0,0,0,0,0,0,0,0,0,0,0,0,0,0,0,0,0,0,0,0,0,0
240319MMTHD000121014,240319MMTHD000121014001,M008057,M,0,08,"아샷추 아이스티",1,3500,1,NULL,0,0,0,0,0,0,0,0,0,0,0,0,0,0,0,0,0,0,0,0,0,0,0,0,0,0,0,0,0,0,0,0,0,0,0,0,0,0,0,0,0,0,0,0,0
240319MMTHD000121015,240319MMTHD000121015001,M008063,M,0,08,에스프레소,1,2800,1,NULL,0,0,0,0,0,0,0,0,0,0,0,0,0,0,0,0,0,0,0,0,0,0,0,0,0,0,0,0,0,0,0,0,0,0,0,0,0,0,0,0,0,0,0,0,0
240319MMTHD000121016,240319MMTHD000121016001,M008063,M,0,08,에스프레소,1,2800,1,NULL,0,0,0,0,0,0,0,0,0,0,0,0,0,0,0,0,0,0,0,0,0,0,0,0,0,0,0,0,0,0,0,0,0,0,0,0,0,0,0,0,0,0,0,0,0
240319MMTHD000121017,240319MMTHD000121017001,M008063,M,0,08,에스프레소,1,2800,1,NULL,0,0,0,0,0,0,0,0,0,0,0,0,0,0,0,0,0,0,0,0,0,0,0,0,0,0,0,0,0,0,0,0,0,0,0,0,0,0,0,0,0,0,0,0,0
240319MMTHD000121018,240319MMTHD000121018001,M008063,M,0,08,에스프레소,1,2800,1,NULL,0,0,0,0,0,0,0,0,0,0,0,0,0,0,0,0,0,0,0,0,0,0,0,0,0,0,0,0,0,0,0,0,0,0,0,0,0,0,0,0,0,0,0,0,0
240319MMTHD000121019,240319MMTHD000121019001,M008063,M,0,08,에스프레소,1,2800,1,NULL,0,0,0,0,0,0,0,0,0,0,0,0,0,0,0,0,0,0,0,0,0,0,0,0,0,0,0,0,0,0,0,0,0,0,0,0,0,0,0,0,0,0,0,0,0
240319MMTHD000121020,240319MMTHD000121020001,E900000,E,9,00,"EVENT 아메리카노",1,1000,1,NULL,3,2,2,0,0,0,0,0,0,0,0,0,0,0,0,0,0,0,0,0,0,0,0,0,0,0,0,0,0,0,0,0,0,0,0,0,0,0,0,0,0,0,0,0,0
240319MMTHD000121034,240319MMTHD000121034001,BCCF000021,B,C,CF,"바닐라 크럼블 아이스크림 라떼",1,4900,1,NULL,1,2,1,0,0,0,0,1,0,0,0,0,0,0,0,0,0,0,0,0,0,0,0,0,0,0,0,0,0,0,0,0,0,0,0,0,0,0,0,0,0,0,1710838981596,1710838982596,0
240320099911001,240320099911001001,E0050097,E,0,05,"꿀 우유 크림 도넛",2,3500,1,NULL,0,0,0,0,0,0,0,0,0,0,0,0,0,0,0,0,0,0,0,0,0,0,0,0,0,0,0,0,0,0,0,0,0,0,0,0,0,0,0,0,0,0,1710953456028,1710953462707,0
240320099911002,240320099911002001,E101009,E,1,01,"플레인 베이글",2,3500,1,NULL,0,0,0,0,0,0,0,0,0,0,0,0,0,0,0,0,0,0,0,0,0,0,0,0,0,0,0,0,0,0,0,0,0,0,0,0,0,0,0,0,0,0,1710953473217,1710953476804,0
240320099916001,240320099916001001,FDDS000100,F,D,DS,"매머드 크룽지",2,3000,1,NULL,0,0,0,0,0,0,0,0,0,0,0,0,0,0,0,0,0,0,0,0,0,0,0,0,0,0,0,0,0,0,0,0,0,0,0,0,0,0,0,0,0,0,1710932595105,1710932596105,1
240320099916002,240320099916002001,BCCF000001,B,C,CF,"꿀 라떼",1,3100,1,NULL,2,2,1,0,0,0,0,1,0,0,0,400,0,400,0,400,0,400,0,0,0,0,0,0,0,0,0,0,0,0,0,400,0,400,0,400,0,0,0,0,0,0,1710937836543,1710937990757,1
240320099916003,240320099916003001,BCCF000002,B,C,CF,"꿀 커피",1,2300,1,NULL,2,2,1,0,0,0,0,0,0,0,0,400,0,400,0,400,0,400,0,0,0,0,0,0,0,0,0,0,0,0,0,400,0,400,0,400,0,0,0,0,0,0,1710942662356,1710942675181,1
240320099916004,240320099916004001,BCCF000027,B,C,CF,"카페 라떼",1,2700,1,NULL,2,2,1,0,0,0,0,1,0,0,0,0,0,0,0,0,0,400,0,0,0,0,0,0,0,0,0,0,0,0,0,400,0,0,0,400,0,0,0,0,0,0,1710942690559,1710942691559,1
240320099916005,240320099916005001,FDDS000235,F,D,DS,"슈 찬 붕어빵",1,1600,1,NULL,0,0,0,0,0,0,0,0,0,0,0,0,0,0,0,0,0,0,0,0,0,0,0,0,0,0,0,0,0,0,0,0,0,0,0,0,0,0,0,0,0,0,1710944421067,1710944426503,1
240320099916006,240320099916006001,FDDS000234,F,D,DS,"팥 찬 붕어빵",1,1600,1,NULL,0,0,0,0,0,0,0,0,0,0,0,0,0,0,0,0,0,0,0,0,0,0,0,0,0,0,0,0,0,0,0,0,0,0,0,0,0,0,0,0,0,0,1710946907036,1710946916322,1
240320099916006,240320099916006002,FDDS000235,F,D,DS,"슈 찬 붕어빵",1,1600,1,NULL,0,0,0,0,0,0,0,0,0,0,0,0,0,0,0,0,0,0,0,0,0,0,0,0,0,0,0,0,0,0,0,0,0,0,0,0,0,0,0,0,0,0,1710946926686,1710946944569,1
240320099916006,240320099916006003,FDDS000215,F,D,DS,"매머드 크룽지",1,3000,1,NULL,0,0,0,0,0,0,0,0,0,0,0,0,0,0,0,0,0,0,0,0,0,0,0,0,0,0,0,0,0,0,0,0,0,0,0,0,0,0,0,0,0,0,1710946954479,1710946955751,1
240320099916007,240320099916007001,BCCF000023,B,C,CF,아메리카노,1,1600,1,NULL,2,2,1,0,0,0,0,0,0,0,0,400,0,400,0,0,0,400,0,0,0,0,0,0,0,0,0,0,0,0,0,400,0,400,0,400,0,0,0,0,0,0,1710960151472,1710960163514,1
240320099916008,240320099916008001,FDDS000100,F,D,DS,"매머드 크룽지",2,3000,1,NULL,0,0,0,0,0,0,0,0,0,0,0,0,0,0,0,0,0,0,0,0,0,0,0,0,0,0,0,0,0,0,0,0,0,0,0,0,0,0,0,0,0,0,1710960297338,1710960333157,1
240320099916008,240320099916008002,FDDS000090,F,D,DS,"매머드 고메버터 초코 스콘",2,2900,1,NULL,0,0,0,0,0,0,0,0,0,0,0,0,0,0,0,0,0,0,0,0,0,0,0,0,0,0,0,0,0,0,0,0,0,0,0,0,0,0,0,0,0,0,1710960295471,1710960351834,1
240320099916008,240320099916008003,FDDS000091,F,D,DS,"매머드 고메버터 플레인 스콘",2,2900,1,NULL,0,0,0,0,0,0,0,0,0,0,0,0,0,0,0,0,0,0,0,0,0,0,0,0,0,0,0,0,0,0,0,0,0,0,0,0,0,0,0,0,0,0,1710960293379,1710960337442,1
240320100016001,240320100016001001,BCCF000002,B,C,CF,"꿀 커피",1,2300,1,NULL,2,2,1,0,0,0,0,0,0,0,0,400,0,400,0,400,0,400,0,0,0,0,0,0,0,0,0,0,0,0,0,400,0,400,0,400,0,0,0,0,0,0,1710922364791,1710922365791,1
240320100016002,240320100016002001,BCCF000027,B,C,CF,"카페 라떼",1,2700,1,NULL,2,2,1,0,0,0,0,1,0,0,0,0,0,0,0,0,0,400,0,0,0,0,0,0,0,0,0,0,0,0,0,400,0,0,0,400,0,0,0,0,0,0,1710922402333,1710922403333,1
240320100016003,240320100016003001,BCCF000023,B,C,CF,아메리카노,1,1600,1,NULL,2,2,1,0,0,0,0,0,0,0,0,400,0,400,0,0,0,400,0,0,0,0,0,0,0,0,0,0,0,0,0,400,0,400,0,400,0,0,0,0,0,0,1710922402993,1710922403993,1
240320100016004,240320100016004001,BCCB000032,B,C,CB,"달고나 콜드브루 라떼",1,4500,1,NULL,2,2,1,0,0,0,0,1,0,0,0,0,0,0,0,0,0,0,0,0,0,500,0,0,0,0,0,0,0,0,0,400,0,0,0,0,0,0,0,400,0,0,1710922403517,1710922404517,1
240320100016005,240320100016005001,BCCF000023,B,C,CF,아메리카노,1,1600,1,NULL,2,2,1,0,0,0,0,0,0,0,0,400,0,400,0,0,0,400,0,0,0,0,0,0,0,0,0,0,0,0,0,400,0,400,0,400,0,0,0,0,0,0,1710922474581,1710922475581,1
240320100016006,240320100016006001,BCCF000002,B,C,CF,"꿀 커피",1,2300,1,NULL,2,2,1,0,0,0,0,0,0,0,0,400,0,400,0,400,0,400,0,0,0,0,0,0,0,0,0,0,0,0,0,400,0,400,0,400,0,0,0,0,0,0,1710922518484,1710922519484,1
240320100016007,240320100016007001,BCCB000041,B,C,CB,"콜드브루 라떼",1,3000,1,NULL,2,2,1,0,0,0,0,1,0,0,0,400,0,400,0,400,0,400,0,0,0,0,0,0,0,0,0,0,0,0,0,400,0,0,0,0,0,0,0,400,0,0,1710924407081,1710924408081,1
240320100016008,240320100016008001,BCCB000041,B,C,CB,"콜드브루 라떼",1,3000,1,NULL,2,2,1,0,0,0,0,1,0,0,0,400,0,400,0,400,0,400,0,0,0,0,0,0,0,0,0,0,0,0,0,400,0,0,0,0,0,0,0,400,0,0,1710924517233,1710924518233,1
240320100016009,240320100016009001,BCCB000041,B,C,CB,"콜드브루 라떼",1,3000,1,NULL,2,2,1,0,0,0,0,1,0,0,0,400,0,400,0,400,0,400,0,0,0,0,0,0,0,0,0,0,0,0,0,400,0,0,0,0,0,0,0,400,0,0,1710924594149,1710924595149,1
240320100016010,240320100016010001,BCCB000041,B,C,CB,"콜드브루 라떼",1,3000,1,NULL,2,2,1,0,0,0,0,1,0,0,0,400,0,400,0,400,0,400,0,0,0,0,0,0,0,0,0,0,0,0,0,400,0,0,0,0,0,0,0,400,0,0,1710924677673,1710924678673,1
240320100016011,240320100016011001,BNLT000048,B,N,LT,"토피넛 라떼",1,3300,1,NULL,2,2,1,0,0,0,0,1,0,0,0,0,0,0,0,0,0,400,0,500,0,0,0,0,0,0,0,0,0,0,0,400,0,0,0,400,0,0,0,0,0,0,1710925021328,1710925022328,1
240320100016012,240320100016012001,BCCF000023,B,C,CF,아메리카노,1,1600,1,NULL,2,2,1,0,0,0,0,0,0,0,0,400,0,400,0,0,0,400,0,0,0,0,0,0,0,0,0,0,0,0,0,400,0,400,0,400,0,0,0,0,0,0,1710925676969,1710925677969,1
240320100016013,240320100016013001,BNFB000078,B,N,FB,"자바칩 프라페",1,4500,1,NULL,2,2,1,0,0,2,0,1,0,0,0,0,0,0,0,0,0,0,0,0,0,0,0,0,0,0,0,0,0,0,0,0,0,0,0,0,0,0,0,0,0,0,1710925685841,1710925686841,1
240320100016013,240320100016013002,BNFB000083,B,N,FB,"피스타치오 아몬드 프라페",1,4500,1,NULL,2,2,1,0,0,2,0,1,0,0,0,0,0,0,0,0,0,0,0,0,0,0,0,0,0,0,0,0,0,0,0,0,0,0,0,0,0,0,0,0,0,0,1710925685841,1710925686841,1
240320100016014,240320100016014001,BCCF000002,B,C,CF,"꿀 커피",1,2300,1,NULL,2,1,1,0,0,0,0,0,0,0,0,400,0,400,0,400,0,400,0,0,0,0,0,0,0,0,0,0,0,0,0,400,0,400,0,400,0,0,0,0,0,0,1710925694103,1710925695103,1
240320100016015,240320100016015001,BNTA000053,B,N,TA,"블루레몬 티/에이드",1,3500,1,NULL,2,2,5,0,0,0,0,0,0,0,0,0,0,0,0,0,0,0,0,0,0,0,0,0,0,0,0,0,0,0,0,0,0,0,0,0,0,0,0,0,0,0,1710925709341,1710925710341,1
240320100016015,240320100016015002,BNTA000050,B,N,TA,레몬&오렌지(홍차)티,1,3700,1,NULL,2,2,1,0,0,0,0,0,0,0,0,0,0,0,0,0,0,0,0,0,0,0,0,0,0,0,0,0,0,0,0,400,0,400,0,400,0,0,0,0,0,0,1710925709341,1710925710341,1
240320100016015,240320100016015003,BNTA000066,B,N,TA,페퍼민트티,1,3700,1,NULL,2,2,1,0,0,0,0,0,0,0,0,0,0,0,0,0,0,0,0,0,0,0,0,0,0,0,0,0,0,0,0,400,0,400,0,400,0,0,0,0,0,0,1710925709341,1710925710341,1
240320100016016,240320100016016001,BCCF000023,B,C,CF,아메리카노,1,1600,1,NULL,2,2,1,0,0,0,0,0,0,0,0,400,0,400,0,0,0,400,0,0,0,0,0,0,0,0,0,0,0,0,0,400,0,400,0,400,0,0,0,0,0,0,1710926367503,1710926368503,1
240320100016017,240320100016017001,BCCF000023,B,C,CF,아메리카노,1,1600,1,NULL,2,2,1,0,0,0,0,0,0,0,0,400,0,400,0,0,0,400,0,0,0,0,0,0,0,0,0,0,0,0,0,400,0,400,0,400,0,0,0,0,0,0,1710926460993,1710926461993,1
240320100016017,240320100016017002,BCCF000027,B,C,CF,"카페 라떼",1,2700,1,NULL,2,2,1,0,0,0,0,1,0,0,0,0,0,0,0,0,0,400,0,0,0,0,0,0,0,0,0,0,0,0,0,400,0,0,0,400,0,0,0,0,0,0,1710926460993,1710926461993,1
240320100016018,240320100016018001,BCCF000023,B,C,CF,아메리카노,1,1600,1,NULL,2,2,1,0,0,0,0,0,0,0,0,400,0,400,0,0,0,400,0,0,0,0,0,0,0,0,0,0,0,0,0,400,0,400,0,400,0,0,0,0,0,0,1710928681745,1710928682745,1
240320100016019,240320100016019001,BCCF000020,B,C,CF,"바닐라 라떼",1,3100,1,NULL,2,2,1,0,0,0,0,1,0,0,0,400,0,400,0,400,0,400,0,0,0,0,0,0,0,0,0,0,0,0,0,400,0,0,0,400,0,0,0,0,0,0,1710929006670,1710929007670,1
240320100016020,240320100016020001,BCCF000023,B,C,CF,아메리카노,1,1600,1,NULL,2,2,1,0,0,0,0,0,0,0,0,400,0,400,0,0,0,400,0,0,0,0,0,0,0,0,0,0,0,0,0,400,0,400,0,400,0,0,0,0,0,0,1710929006869,1710929007869,1
240320100016021,240320100016021001,BCCF000030,B,C,CF,"헤이즐넛 라떼",1,3600,1,NULL,2,2,1,0,0,0,0,1,0,0,0,400,0,400,0,400,0,400,0,0,0,0,0,0,0,0,0,0,0,0,0,400,0,0,0,400,0,0,0,0,0,0,1710931188395,1710931189395,1
240320100016022,240320100016022001,BCCF000027,B,C,CF,"카페 라떼",1,4800,1,NULL,3,3,1,0,0,0,0,5,0,0,0,0,0,0,0,0,0,400,0,0,0,0,0,0,0,0,0,0,0,0,0,400,0,0,0,400,0,0,0,0,0,0,1710931345305,1710931370539,1
240320100016023,240320100016023001,BNTA000068,B,N,TA,"한라봉 티/에이드",1,3500,1,NULL,2,1,5,0,0,0,0,0,0,0,0,0,0,0,0,0,0,0,0,0,0,0,0,0,0,0,0,0,0,0,0,0,0,0,0,0,0,0,0,0,0,0,1710931418495,1710931432068,1
240320100016023,240320100016023002,BNTA000049,B,N,TA,"깔라만시 에이드",1,3600,1,NULL,2,1,1,0,0,0,0,0,0,0,0,0,0,0,0,0,0,0,0,0,0,0,0,0,0,0,0,0,0,0,0,0,0,0,0,0,0,0,0,0,0,0,1710931414556,1710931436509,1
240320100016024,240320100016024001,BNFB000074,B,N,FB,"바나나 초코칩 프라페",1,4000,1,NULL,2,1,1,0,0,2,0,2,0,0,0,0,0,0,0,0,0,0,0,0,0,0,0,0,0,0,0,0,0,0,0,0,0,0,0,0,0,0,0,0,0,0,1710931775810,1710931787991,1
240320100016025,240320100016025001,BCCB000041,B,C,CB,"콜드브루 라떼",1,3000,1,NULL,2,3,1,0,0,0,0,3,0,0,1,400,1,400,0,400,0,400,0,0,0,0,0,0,0,0,0,0,0,0,0,400,0,0,0,0,0,0,0,400,0,0,1710931946435,1710931947435,1
240320100016026,240320100016026001,BNTA000060,B,N,TA,"장수 오미자 에이드",1,3600,1,NULL,2,3,1,0,0,0,0,0,0,0,0,0,0,0,0,0,0,0,0,0,0,0,0,0,0,0,0,0,0,0,0,0,0,0,0,0,0,0,0,0,0,0,1710931947257,1710931948257,1
240320100016027,240320100016027001,BNTA000062,B,N,TA,"청귤 티/에이드",1,3500,1,NULL,2,3,5,0,0,0,0,0,0,0,0,0,0,0,0,0,0,0,0,0,0,0,0,0,0,0,0,0,0,0,0,0,0,0,0,0,0,0,0,0,0,0,1710931946679,1710931947679,1
240320100016028,240320100016028001,BCCB000032,B,C,CB,"달고나 콜드브루 라떼",1,4500,1,NULL,2,3,1,0,0,0,0,1,0,0,0,0,0,0,0,0,0,0,0,0,1,500,0,0,0,0,0,0,0,0,0,400,0,0,0,0,0,0,0,400,0,0,1710932001154,1710932015961,1
240320MMTHD000111001,240320MMTHD000111001001,E000017,E,0,00,"샷추가 아메리카노",1,2000,1,NULL,2,2,1,0,0,0,0,0,0,0,0,0,0,0,0,0,0,0,0,0,0,0,0,0,0,0,0,0,0,0,0,0,0,0,0,0,0,0,0,0,0,0,0,0,0
240320MMTHD000111002,240320MMTHD000111002001,BCCF000002,B,C,CF,"꿀 커피",1,2300,1,NULL,2,2,1,0,0,0,0,0,0,0,0,0,0,0,0,0,0,0,0,0,0,0,0,0,0,0,0,0,0,0,0,0,0,0,0,0,0,0,0,0,0,0,0,0,0
240320MMTHD000111003,240320MMTHD000111003001,BCCF000002,B,C,CF,"꿀 커피",1,2300,1,NULL,2,3,1,0,0,0,0,0,0,0,0,0,0,0,0,0,0,0,0,0,0,0,0,0,0,0,0,0,0,0,0,0,0,0,0,0,0,0,0,0,0,0,0,0,0
240320MMTHD000111004,240320MMTHD000111004001,BCCF000018,B,C,CF,"믹스 커피 ",1,3000,1,NULL,2,2,1,0,0,0,0,0,0,0,0,0,0,0,0,0,0,0,0,0,0,0,0,0,0,0,0,0,0,0,0,0,0,0,0,0,0,0,0,0,0,0,0,0,0
240320MMTHD000111005,240320MMTHD000111005001,BCCB000040,B,C,CB,콜드브루,1,2300,1,NULL,2,3,1,0,0,0,0,0,0,0,0,0,0,0,0,0,0,0,0,0,0,0,0,0,0,0,0,0,0,0,0,0,0,0,0,0,0,0,0,0,0,0,0,0,0
240320MMTHD000111006,240320MMTHD000111006001,BCCF000010,B,C,CF,"디카페인 아메리카노",1,2300,1,NULL,2,3,1,0,0,0,0,0,0,0,0,0,0,0,0,0,0,0,0,0,0,0,0,0,0,0,0,0,0,0,0,0,0,0,0,0,0,0,0,0,0,0,0,0,0
240320MMTHD000111007,240320MMTHD000111007001,BCCF000025,B,C,CF,"아샷추 아이스티",1,3400,1,NULL,2,2,1,0,0,0,0,0,0,0,0,0,0,0,0,0,0,0,0,0,0,0,0,0,0,0,0,0,0,0,0,0,0,0,0,0,0,0,0,0,0,0,1710911499852,1710911509607,0
240320MMTHD000111007,240320MMTHD000111007002,BCCF000018,B,C,CF,"믹스 커피 ",1,3000,1,NULL,2,2,2,0,0,0,0,0,0,0,0,0,0,0,0,0,0,0,0,0,0,0,0,0,0,0,0,0,0,0,0,0,0,0,0,0,0,0,0,0,0,0,1710911495976,1710911513163,0
240320MMTHD000111008,240320MMTHD000111008001,BCCF000025,B,C,CF,"아샷추 아이스티",1,3400,1,NULL,2,2,1,0,0,0,0,0,0,0,0,0,0,0,0,0,0,0,0,0,0,0,0,0,0,0,0,0,0,0,0,0,0,0,0,0,0,0,0,0,0,0,1710914573048,1710914587238,0
240320MMTHD000111009,240320MMTHD000111009001,BCCF000018,B,C,CF,"믹스 커피 ",1,3000,1,NULL,2,2,1,0,0,0,0,0,0,0,0,0,0,0,0,0,0,0,0,0,0,0,0,0,0,0,0,0,0,0,0,0,0,0,0,0,0,0,0,0,0,0,1710917257241,1710917263173,0
240320MMTHD000111009,240320MMTHD000111009002,BCCF000018,B,C,CF,"믹스 커피 ",1,3000,1,NULL,2,2,1,0,0,0,0,0,0,0,0,0,0,0,0,0,0,0,0,0,0,0,0,0,0,0,0,0,0,0,0,0,0,0,0,0,0,0,0,0,0,0,1710917255306,1710917263173,0
240320MMTHD000111010,240320MMTHD000111010001,BCCB000033,B,C,CB,"돌체 콜드브루 라떼",1,3500,1,NULL,2,2,1,0,0,0,0,1,0,0,0,0,0,0,0,0,0,0,0,0,0,0,0,0,0,0,0,0,0,0,0,0,0,0,0,0,0,0,0,0,0,0,1710917330004,1710917337029,0
240320MMTHD000111011,240320MMTHD000111011001,E0050097,E,0,05,"꿀 우유 크림 도넛",2,3500,1,NULL,0,0,0,0,0,0,0,0,0,0,0,0,0,0,0,0,0,0,0,0,0,0,0,0,0,0,0,0,0,0,0,0,0,0,0,0,0,0,0,0,0,0,1710923448077,1710923449077,0
240320MMTHD000111012,240320MMTHD000111012001,E0050083,E,0,05,"슈 찬 붕어빵",1,1600,1,NULL,0,0,0,0,0,0,0,0,0,0,0,0,0,0,0,0,0,0,0,0,0,0,0,0,0,0,0,0,0,0,0,0,0,0,0,0,0,0,0,0,0,0,1710923459846,1710923460846,0
240320MMTHD000111012,240320MMTHD000111012002,FDDS000100,F,D,DS,"매머드 크룽지 ",2,3000,1,NULL,0,0,0,0,0,0,0,0,0,0,0,0,0,0,0,0,0,0,0,0,0,0,0,0,0,0,0,0,0,0,0,0,0,0,0,0,0,0,0,0,0,0,1710923459846,1710923460846,0
240320MMTHD000111012,240320MMTHD000111012003,FDDS000101,F,D,DS,"메도브니크 클래식 꿀 케이크",2,4500,1,NULL,0,0,0,0,0,0,0,0,0,0,0,0,0,0,0,0,0,0,0,0,0,0,0,0,0,0,0,0,0,0,0,0,0,0,0,0,0,0,0,0,0,0,1710923459846,1710923460846,0
240320MMTHD000111013,240320MMTHD000111013001,FDDS000130,F,D,DS,"폭탄 카스테라",2,4500,1,NULL,0,0,0,0,0,0,0,0,0,0,0,0,0,0,0,0,0,0,0,0,0,0,0,0,0,0,0,0,0,0,0,0,0,0,0,0,0,0,0,0,0,0,1710927464347,1710927465347,0
240320MMTHD000111014,240320MMTHD000111014001,E0050083,E,0,05,"슈 찬 붕어빵",1,1600,1,NULL,0,0,0,0,0,0,0,0,0,0,0,0,0,0,0,0,0,0,0,0,0,0,0,0,0,0,0,0,0,0,0,0,0,0,0,0,0,0,0,0,0,0,1710927464879,1710927465879,0
240320MMTHD000111015,240320MMTHD000111015001,E900001,E,9,00,"EVENT 꿀라떼",1,1800,1,NULL,2,2,1,0,0,0,0,0,0,0,0,0,0,0,0,0,0,0,0,0,0,0,0,0,0,0,0,0,0,0,0,0,0,0,3,3600,0,0,0,0,0,0,1710926033529,1710926050244,0
240320MMTHD000111016,240320MMTHD000111016001,E0050097,E,0,05,"꿀 우유 크림 도넛",2,3500,1,NULL,0,0,0,0,0,0,0,0,0,0,0,0,0,0,0,0,0,0,0,0,0,0,0,0,0,0,0,0,0,0,0,0,0,0,0,0,0,0,0,0,0,0,0,0,0
240321099911001,240321099911001001,BCEV000288,B,C,EV,"EVENT 꿀라떼",1,1800,1,NULL,2,2,1,0,0,0,0,0,0,0,0,0,0,0,0,0,0,0,0,0,0,0,0,0,0,0,0,0,0,0,0,0,0,0,3,3600,0,0,0,0,0,0,1711010385636,1711010395259,0
240321099911002,240321099911002001,FDDS000235,F,D,DS,"슈 찬 붕어빵",2,1600,1,NULL,0,0,0,0,0,0,0,0,0,0,0,0,0,0,0,0,0,0,0,0,0,0,0,0,0,0,0,0,0,0,0,0,0,0,0,0,0,0,0,0,0,0,1711010384180,1711010398216,0
240321099911003,240321099911003001,FDNW000244,F,D,NW,"꿀 우유 크림 도넛",2,3500,1,NULL,0,0,0,0,0,0,0,0,0,0,0,0,0,0,0,0,0,0,0,0,0,0,0,0,0,0,0,0,0,0,0,0,0,0,0,0,0,0,0,0,0,0,1711010378466,1711010408388,0
240321099911004,240321099911004001,BCCB000033,B,C,CB,"돌체 콜드브루 라떼",1,3500,1,NULL,2,2,1,0,0,0,0,1,0,0,0,0,0,0,0,0,0,0,0,0,0,0,0,0,0,0,0,0,0,0,0,0,0,0,0,0,0,0,0,0,0,0,1711010376968,1711010414285,0
240321099911005,240321099911005001,BCCF000018,B,C,CF,"믹스 커피 ",1,3000,1,NULL,2,2,1,0,0,0,0,0,0,0,0,0,0,0,0,0,0,0,0,0,0,0,0,0,0,0,0,0,0,0,0,0,0,0,0,0,0,0,0,0,0,0,1711010370376,1711010413527,0
240321099911005,240321099911005002,BCCF000018,B,C,CF,"믹스 커피 ",1,3000,1,NULL,2,2,1,0,0,0,0,0,0,0,0,0,0,0,0,0,0,0,0,0,0,0,0,0,0,0,0,0,0,0,0,0,0,0,0,0,0,0,0,0,0,0,1711010412527,1711010413527,0
240321099911006,240321099911006001,BCEV000288,B,C,EV,"EVENT 꿀라떼",1,1800,1,NULL,2,2,1,0,0,0,0,0,0,0,0,0,0,0,0,0,0,0,0,0,0,0,0,0,0,0,0,0,0,0,0,0,0,0,3,3600,0,0,0,0,0,0,1711014162338,1711014612918,0
240321099916001,240321099916001001,BCCF000023,B,C,CF,아메리카노,1,1600,1,NULL,2,2,1,0,0,0,0,0,0,0,0,400,0,400,0,0,0,400,0,0,0,0,0,0,0,0,0,0,0,0,0,400,0,400,0,400,0,0,0,0,0,0,1710963196817,1710963238540,1
240321099916002,240321099916002001,BCCF000001,B,C,CF,"꿀 라떼",1,3100,1,NULL,2,2,1,0,0,0,0,1,0,0,0,400,0,400,0,400,0,400,0,0,0,0,0,0,0,0,0,0,0,0,0,400,0,400,0,400,0,0,0,0,0,0,1711002036704,1711002037704,1
240321099916003,240321099916003001,BCCF000023,B,C,CF,아메리카노,1,1600,1,NULL,2,2,1,0,0,0,0,0,0,0,0,400,0,400,0,0,0,400,0,0,0,0,0,0,0,0,0,0,0,0,0,400,0,400,0,400,0,0,0,0,0,0,1711002037486,1711002038486,1
240321099916004,240321099916004001,BCCF000023,B,C,CF,아메리카노,1,3000,1,NULL,3,2,2,0,0,0,0,0,0,0,0,400,0,400,0,0,0,400,0,0,0,0,0,0,0,0,0,0,0,0,0,400,0,400,0,400,0,0,0,0,0,0,1711002038303,1711002039303,1
240321099916005,240321099916005001,BCCF000002,B,C,CF,"꿀 커피",1,2300,1,NULL,2,2,1,0,0,0,0,0,0,0,0,400,0,400,0,400,0,400,0,0,0,0,0,0,0,0,0,0,0,0,0,400,0,400,0,400,0,0,0,0,0,0,1710994133289,1710994134289,1
240321099916006,240321099916006001,BCCF000020,B,C,CF,"바닐라 라떼",1,3100,1,NULL,2,2,1,0,0,0,0,1,0,0,0,400,0,400,0,400,0,400,0,0,0,0,0,0,0,0,0,0,0,0,0,400,0,0,0,400,0,0,0,0,0,0,1710994134309,1710994135309,1
240321099916007,240321099916007001,BCCF000031,B,C,CF,"헤이즐넛 커피",1,2800,1,NULL,2,2,1,0,0,0,0,0,0,0,0,400,0,400,0,400,0,400,0,0,0,0,0,0,0,0,0,0,0,0,0,400,0,400,0,400,0,0,0,0,0,0,1710994135135,1710994136135,1
240321099916008,240321099916008001,BCCF000023,B,C,CF,아메리카노,1,1200,1,NULL,1,2,1,0,0,0,0,0,0,0,0,400,0,400,0,0,0,400,0,0,0,0,0,0,0,0,0,0,0,0,0,400,0,400,0,400,0,0,0,0,0,0,1711001807039,1711002028327,1
240321099916009,240321099916009001,BCCF000027,B,C,CF,"카페 라떼",1,2700,1,NULL,2,2,1,0,0,0,0,1,0,0,0,0,0,0,0,0,0,400,0,0,0,0,0,0,0,0,0,0,0,0,0,400,0,0,0,400,0,0,0,0,0,0,1711001923285,1711002027562,1
240321099916009,240321099916009002,BCCF000027,B,C,CF,"카페 라떼",1,2700,1,NULL,2,2,1,0,0,0,0,1,0,0,0,0,0,0,0,0,0,400,0,0,0,0,0,0,0,0,0,0,0,0,0,400,0,0,0,400,0,0,0,0,0,0,1711002026562,1711002027562,1
240321099916009,240321099916009003,BCCF000027,B,C,CF,"카페 라떼",1,2700,1,NULL,2,2,1,0,0,0,0,1,0,0,0,0,0,0,0,0,0,400,0,0,0,0,0,0,0,0,0,0,0,0,0,400,0,0,0,400,0,0,0,0,0,0,1711002026562,1711002027562,1
240321099916009,240321099916009004,BCCF000027,B,C,CF,"카페 라떼",1,2700,1,NULL,2,2,1,0,0,0,0,1,0,0,0,0,0,0,0,0,0,400,0,0,0,0,0,0,0,0,0,0,0,0,0,400,0,0,0,400,0,0,0,0,0,0,1711002026562,1711002027562,1
240321099916009,240321099916009005,BCCF000027,B,C,CF,"카페 라떼",1,2700,1,NULL,2,2,1,0,0,0,0,1,0,0,0,0,0,0,0,0,0,400,0,0,0,0,0,0,0,0,0,0,0,0,0,400,0,0,0,400,0,0,0,0,0,0,1711002026562,1711002027562,1
240321099916010,240321099916010001,BCCB000033,B,C,CB,"돌체 콜드브루 라떼",1,3500,1,NULL,2,2,1,0,0,0,0,1,0,0,0,0,0,0,0,0,0,0,0,0,0,0,0,0,0,0,0,0,0,0,0,400,0,0,0,0,0,0,0,400,0,0,1711001954144,1711002026866,1
240321099916011,240321099916011001,BCCF000028,B,C,CF,"카페 모카",1,3300,1,NULL,2,2,1,0,0,0,0,1,0,0,0,400,0,400,0,400,0,400,0,0,0,0,0,0,0,0,0,0,0,0,0,400,0,0,0,400,0,0,0,0,0,0,1711001990091,1711002026106,1
240321099916012,240321099916012001,BCCF000024,B,C,CF,"아몬드 라떼",1,3100,1,NULL,2,2,1,0,0,0,0,1,0,0,0,400,0,400,0,400,0,400,0,0,0,0,0,0,0,0,0,0,0,0,0,400,0,0,0,400,0,0,0,0,0,0,1711002012879,1711002025180,1
240321099916013,240321099916013001,BCCF000023,B,C,CF,아메리카노,1,1600,1,NULL,2,2,1,0,0,0,0,0,0,0,0,400,0,400,0,0,0,400,0,0,0,0,0,0,0,0,0,0,0,0,0,400,0,400,0,400,0,0,0,0,0,0,1711017164306,1711017183905,1
240321099916014,240321099916014001,BCCB000032,B,C,CB,"달고나 콜드브루 라떼",1,4500,1,NULL,2,2,1,0,0,0,0,1,0,0,0,0,0,0,0,0,0,0,0,0,0,500,0,0,0,0,0,0,0,0,0,400,0,0,0,0,0,0,0,400,0,0,1711017165940,1711017181998,1
240321099916015,240321099916015001,BNFB000074,B,N,FB,"바나나 초코칩 프라페",1,4000,1,NULL,2,2,1,0,0,2,0,1,0,0,0,0,0,0,0,0,0,0,0,0,0,0,0,0,0,0,0,0,0,0,0,0,0,0,0,0,0,0,0,0,0,0,1711017167639,1711017179400,1
240321099916016,240321099916016001,BNFB000070,B,N,FB,"딸기 밀크쉐이크",1,4500,1,NULL,2,2,1,0,0,0,0,1,0,0,0,0,0,0,0,0,0,0,0,0,0,0,0,0,0,0,0,0,0,0,0,0,0,0,0,0,0,0,0,0,0,0,1711017186209,1711017187209,1
240321099916017,240321099916017001,BCCF000023,B,C,CF,아메리카노,1,1600,1,NULL,2,2,1,0,0,0,0,0,0,0,0,400,0,400,0,0,0,400,0,0,0,0,0,0,0,0,0,0,0,0,0,400,0,400,0,400,0,0,0,0,0,0,1711017627293,1711017641745,1
240321099916018,240321099916018001,BNLT000043,B,N,LT,"녹차 라떼",1,3300,1,NULL,2,2,1,0,0,0,0,1,0,0,0,0,0,0,0,0,0,400,0,500,0,0,0,0,0,0,0,0,0,0,0,400,0,0,0,400,0,0,0,0,0,0,1711017632025,1711017643045,1
240321099916019,240321099916019001,BNLT000044,B,N,LT,"달고나 라떼",1,4000,1,NULL,2,3,1,0,0,0,0,1,0,0,0,0,0,0,0,0,0,0,0,0,0,500,0,0,0,0,0,0,0,0,0,400,0,0,0,400,0,0,0,0,0,0,1711017633522,1711017638730,1
240321099916020,240321099916020001,BCCB000041,B,C,CB,"콜드브루 라떼",1,3000,1,NULL,2,2,1,0,0,0,0,1,0,0,0,400,0,400,0,400,0,400,0,0,0,0,0,0,0,0,0,0,0,0,0,400,0,0,0,0,0,0,0,400,0,0,1711086304688,1711086305688,1
240321099921007,240321099921007001,BCEV000288,B,C,EV,"EVENT 꿀라떼",1,1800,1,NULL,2,2,1,0,0,0,0,0,0,0,0,0,0,0,0,0,0,0,0,0,0,0,0,0,0,0,0,0,0,0,0,0,0,0,3,3600,0,0,0,0,0,0,1711014166041,1711014614324,0
240321099921008,240321099921008001,BCEV000288,B,C,EV,"EVENT 꿀라떼",1,1800,1,NULL,2,2,1,0,0,0,0,0,0,0,0,0,0,0,0,0,0,0,0,0,0,0,0,0,0,0,0,0,0,0,0,0,0,0,2,2400,0,0,0,0,0,0,1711086314429,1711086315429,0
240321100016001,240321100016001001,BNTA000051,B,N,TA,"레몬밤 민트티",1,3500,1,NULL,2,3,1,0,0,0,0,0,0,0,0,0,0,0,0,0,0,0,0,0,0,0,0,0,0,0,0,0,0,0,0,0,0,0,0,0,0,0,0,0,0,0,1710976655115,1710976656115,1
240321100016002,240321100016002001,BNFB000077,B,N,FB,"오레오 초코 프라페",1,4500,1,NULL,2,2,1,0,0,2,0,1,0,0,0,0,0,0,0,0,0,0,0,0,0,0,0,0,0,0,0,0,0,0,0,0,0,0,0,0,0,0,0,0,0,0,1710977012631,1710977027445,1
240321100016003,240321100016003001,BCCF000002,B,C,CF,"꿀 커피",1,2300,1,NULL,2,2,1,0,0,0,0,0,0,0,0,400,0,400,0,400,0,400,0,0,0,0,0,0,0,0,0,0,0,0,0,400,0,400,0,400,0,0,0,0,0,0,1710979763930,1710979764930,1
240321100016004,240321100016004001,BCCB000041,B,C,CB,"콜드브루 라떼",1,3000,1,NULL,2,2,1,0,0,0,0,1,0,0,0,400,0,400,0,400,0,400,0,0,0,0,0,0,0,0,0,0,0,0,0,400,0,0,0,0,0,0,0,400,0,0,1710979757916,1710979763055,1
240321100016005,240321100016005001,FDDS000092,F,D,DS,"매머드 레몬 파운드 케이크",2,3400,1,NULL,0,0,0,0,0,0,0,0,0,0,0,0,0,0,0,0,0,0,0,0,0,0,0,0,0,0,0,0,0,0,0,0,0,0,0,0,0,0,0,0,0,0,1710980496445,1710980497445,1
240321100016006,240321100016006001,BNLT000043,B,N,LT,"녹차 라떼",1,3300,1,NULL,2,2,1,0,0,0,0,1,0,0,0,0,0,0,0,0,0,400,0,500,0,0,0,0,0,0,0,0,0,0,0,400,0,0,0,400,0,0,0,0,0,0,1710980372112,1710980394037,1
240321100016007,240321100016007001,BCCB000037,B,C,CB,"디카페인 콜드브루 라떼",1,3500,1,NULL,2,2,1,0,0,0,0,1,0,0,0,400,0,400,0,400,0,400,0,0,0,0,0,0,0,0,0,0,0,0,0,400,0,0,0,0,0,0,0,0,0,400,1710980475991,1710980486537,1
240321100016008,240321100016008001,BNLT000048,B,N,LT,"토피넛 라떼",1,3300,1,NULL,2,2,1,0,0,0,0,1,0,0,0,0,0,0,0,0,0,400,0,500,0,0,0,0,0,0,0,0,0,0,0,400,0,0,0,400,0,0,0,0,0,0,1710980918562,1710980919562,1
240321100016009,240321100016009001,BNLT000048,B,N,LT,"토피넛 라떼",1,3300,1,NULL,2,2,1,0,0,0,0,1,0,0,0,0,0,0,0,0,0,400,0,500,0,0,0,0,0,0,0,0,0,0,0,400,0,0,0,400,0,0,0,0,0,0,1710980853252,1710980859153,1
240321100016010,240321100016010001,BCCB000032,B,C,CB,"달고나 콜드브루 라떼",1,4500,1,NULL,2,2,1,0,0,0,0,1,0,0,0,0,0,0,0,0,0,0,0,0,0,500,0,0,0,0,0,0,0,0,0,400,0,0,0,0,0,0,0,400,0,0,1710980978409,1710981016545,1
240321100016011,240321100016011001,BNLT000044,B,N,LT,"달고나 라떼",1,4000,1,NULL,2,1,1,0,0,0,0,1,0,0,0,0,0,0,0,0,0,0,0,0,0,500,0,0,0,0,0,0,0,0,0,400,0,0,0,400,0,0,0,0,0,0,1710981192970,1710981221529,1
240321100016011,240321100016011002,BNFB000243,B,N,FB,"커스터드 푸딩 쉐이크",1,5300,1,NULL,2,1,1,0,0,0,0,3,0,0,0,0,0,0,0,0,0,0,0,0,0,0,0,0,0,0,0,0,0,0,0,0,0,0,0,0,0,0,0,0,0,0,1710981189435,1710981216586,1
240321100016012,240321100016012001,BCCB000032,B,C,CB,"달고나 콜드브루 라떼",1,4500,1,NULL,2,3,1,0,0,0,0,1,0,0,0,0,0,0,0,0,0,0,0,0,0,500,0,0,0,0,0,0,0,0,0,400,0,0,0,0,0,0,0,400,0,0,1710981506064,1710981507064,1
240321100016012,240321100016012002,BNLT000044,B,N,LT,"달고나 라떼",1,4000,1,NULL,2,3,1,0,0,0,0,1,0,0,0,0,0,0,0,0,0,0,0,0,0,500,0,0,0,0,0,0,0,0,0,400,0,0,0,400,0,0,0,0,0,0,1710981506064,1710981507064,1
240321100016013,240321100016013001,BNTA000068,B,N,TA,"한라봉 티/에이드",1,3500,1,NULL,2,3,5,0,0,0,0,0,0,0,0,0,0,0,0,0,0,0,0,0,0,0,0,0,0,0,0,0,0,0,0,0,0,0,0,0,0,0,0,0,0,0,1710981846071,1710981847071,1
240321100016013,240321100016013002,BNTA000060,B,N,TA,"장수 오미자 에이드",1,3600,1,NULL,2,3,1,0,0,0,0,0,0,0,0,0,0,0,0,0,0,0,0,0,0,0,0,0,0,0,0,0,0,0,0,0,0,0,0,0,0,0,0,0,0,0,1710981846071,1710981847071,1
240321100016014,240321100016014001,FDDS000096,F,D,DS,"매머드 미트 칠리 핫도그",2,4900,1,NULL,0,0,0,0,0,0,0,0,0,0,0,0,0,0,0,0,0,0,0,0,0,0,0,0,0,0,0,0,0,0,0,0,0,0,0,0,0,0,0,0,0,0,1710985412379,1710985413379,1
240321100016015,240321100016015001,BCCF000002,B,C,CF,"꿀 커피",1,2300,1,NULL,2,3,1,0,0,0,0,0,0,0,0,400,0,400,0,400,0,400,0,0,0,0,0,0,0,0,0,0,0,0,0,400,0,400,0,400,0,0,0,0,0,0,1710985413739,1710985414739,1
240321100016016,240321100016016001,BCCF000001,B,C,CF,"꿀 라떼",1,3100,1,NULL,2,3,1,0,0,0,0,1,0,0,0,400,0,400,0,400,0,400,0,0,0,0,0,0,0,0,0,0,0,0,0,400,0,400,0,400,0,0,0,0,0,0,1710985413059,1710985414059,1
240321100016016,240321100016016002,BCCF000021,B,C,CF,"바닐라 크럼블 아이스크림 라떼",1,4900,1,NULL,1,3,1,0,0,0,0,1,0,0,0,0,0,0,0,0,0,0,0,0,0,0,0,0,0,0,0,0,0,0,0,0,0,0,0,400,0,0,0,0,0,0,1710985413059,1710985414059,1
240321100016017,240321100016017001,BCCB000040,B,C,CB,콜드브루,1,2300,1,NULL,2,2,1,0,0,0,0,0,0,0,0,400,0,400,0,400,0,400,0,0,0,0,0,0,0,0,0,0,0,0,0,400,0,400,0,0,0,0,0,400,0,0,1710985528077,1710985532931,1
240321100016018,240321100016018001,BNLT000048,B,N,LT,"토피넛 라떼",1,3300,1,NULL,2,2,1,0,0,0,0,1,0,0,0,0,0,0,0,0,0,400,0,500,0,0,0,0,0,0,0,0,0,0,0,400,0,0,0,400,0,0,0,0,0,0,1710985865429,1710985872546,1
240321100016019,240321100016019001,BCCF000024,B,C,CF,"아몬드 라떼",1,3100,1,NULL,2,2,1,0,0,0,0,1,0,0,0,400,0,400,0,400,0,400,0,0,0,0,0,0,0,0,0,0,0,0,0,400,0,0,0,400,0,0,0,0,0,0,1710986952687,1710986963347,1
240321100016020,240321100016020001,BNFB000072,B,N,FB,"민트 초코 프라페",1,4500,1,NULL,2,1,1,0,0,2,0,4,0,0,0,0,0,0,0,0,0,0,0,0,0,0,0,0,0,0,0,0,0,0,0,0,0,0,0,0,0,0,0,0,0,0,1710988686154,1710988760261,1
240321100016020,240321100016020002,BNFB000072,B,N,FB,"민트 초코 프라페",1,4500,1,NULL,2,1,1,0,0,2,0,4,0,0,0,0,0,0,0,0,0,0,0,0,0,0,0,0,0,0,0,0,0,0,0,0,0,0,0,0,0,0,0,0,0,0,1710988683185,1710988757737,1
240321100016021,240321100016021001,BCCF000027,B,C,CF,"카페 라떼",1,2700,1,NULL,2,2,1,0,0,0,0,1,0,0,0,0,0,0,0,0,0,400,0,0,0,0,0,0,0,0,0,0,0,0,0,400,0,0,0,400,0,0,0,0,0,0,1710988936283,1710988956668,1
240321100016022,240321100016022001,BNTA000231,B,N,TA,"딸기 망고스틴 티",1,4500,1,NULL,2,1,2,0,0,0,0,0,0,0,0,0,0,0,0,0,0,0,0,0,0,0,0,0,0,0,0,0,0,0,0,0,0,0,0,0,0,0,0,0,0,0,1710989065009,1710989092437,1
240321100016023,240321100016023001,BCCF000029,B,C,CF,"토피넛 샷 라떼",1,3700,1,NULL,2,3,1,0,0,0,0,5,0,0,0,0,0,0,0,0,1,400,1,500,0,0,0,0,0,0,0,0,0,0,0,400,0,0,0,400,0,0,0,0,0,0,1710989672595,1710989691941,1
240321100016023,240321100016023002,BCCF000004,B,C,CF,"디카페인 꿀 라떼",1,3800,1,NULL,2,3,1,0,0,0,0,5,0,0,0,400,0,400,0,400,0,400,0,0,0,0,0,0,0,0,0,0,0,0,0,400,0,400,0,0,0,600,0,0,0,0,1710989680794,1710989699343,1
240321100016024,240321100016024001,BNTA000064,B,N,TA,캐모마일티,1,3700,1,NULL,2,2,1,0,0,0,0,0,0,0,0,0,0,0,0,0,0,0,0,0,0,0,0,0,0,0,0,0,0,0,0,400,1,400,0,400,0,0,0,0,0,0,1710990342282,1710990343059,1
240321100016025,240321100016025001,BNTA000057,B,N,TA,"유자 티/에이드",1,2300,1,NULL,2,3,1,0,0,0,0,0,0,0,0,0,0,0,0,0,0,0,0,0,0,0,0,0,0,0,0,0,0,0,0,0,0,0,0,0,0,0,0,0,0,0,1710990650902,1710990692683,1
240321100016026,240321100016026001,BCCB000040,B,C,CB,콜드브루,1,3500,1,NULL,3,1,1,0,0,0,0,0,0,0,0,400,0,400,0,400,0,400,0,0,0,0,0,0,0,0,0,0,0,0,0,400,0,400,0,0,0,0,0,400,0,0,1710992416066,1710992543713,1
240321100016027,240321100016027001,BNLT000043,B,N,LT,"녹차 라떼",1,3300,1,NULL,2,2,1,0,0,0,0,1,0,0,0,0,0,0,0,0,0,400,0,500,0,0,0,0,0,0,0,0,0,0,0,400,0,0,0,400,0,0,0,0,0,0,1710992820228,1710992839719,1
240321100016028,240321100016028001,BCCB000040,B,C,CB,콜드브루,1,2300,1,NULL,2,1,1,0,0,0,0,0,0,0,0,400,0,400,0,400,0,400,0,0,0,0,0,0,0,0,0,0,0,0,0,400,0,400,0,0,0,0,0,400,0,0,1710993120487,1710993129861,1
240321100016029,240321100016029001,BNFB000079,B,N,FB,"초코 밀크쉐이크",1,4500,1,NULL,2,3,1,0,0,0,0,2,0,0,0,0,0,0,0,0,0,0,0,0,0,0,0,0,0,0,0,0,0,0,0,0,0,0,0,0,0,0,0,0,0,0,1710993697808,1710993732693,1
240321100016030,240321100016030001,FDDS000104,F,D,DS,"밀크 크레이프",2,4500,1,NULL,0,0,0,0,0,0,0,0,0,0,0,0,0,0,0,0,0,0,0,0,0,0,0,0,0,0,0,0,0,0,0,0,0,0,0,0,0,0,0,0,0,0,1710999100921,1710999101921,1
240321100016030,240321100016030002,FDDS000104,F,D,DS,"밀크 크레이프",2,4500,1,NULL,0,0,0,0,0,0,0,0,0,0,0,0,0,0,0,0,0,0,0,0,0,0,0,0,0,0,0,0,0,0,0,0,0,0,0,0,0,0,0,0,0,0,1710999100921,1710999101921,1
240321100016030,240321100016030003,FDDS000104,F,D,DS,"밀크 크레이프",2,4500,1,NULL,0,0,0,0,0,0,0,0,0,0,0,0,0,0,0,0,0,0,0,0,0,0,0,0,0,0,0,0,0,0,0,0,0,0,0,0,0,0,0,0,0,0,1710999100921,1710999101921,1
240321100016031,240321100016031001,BCCF000023,B,C,CF,아메리카노,1,1600,1,NULL,2,1,1,0,0,0,0,0,0,0,1,400,0,400,0,0,0,400,0,0,0,0,0,0,0,0,0,0,0,0,0,400,0,400,0,400,0,0,0,0,0,0,1710995724467,1710995734784,1
240321100016031,240321100016031002,BCCF000024,B,C,CF,"아몬드 라떼",1,3100,1,NULL,2,1,1,0,0,0,0,1,0,0,0,400,0,400,0,400,0,400,0,0,0,0,0,0,0,0,0,0,0,0,0,400,0,0,0,400,0,0,0,0,0,0,1710995715441,1710995736524,1
240321100016032,240321100016032001,BCCF000021,B,C,CF,"바닐라 크럼블 아이스크림 라떼",1,4900,1,NULL,1,2,1,0,0,0,0,1,0,0,0,0,0,0,0,0,0,0,0,0,0,0,0,0,0,0,0,0,0,0,0,0,0,0,0,400,0,0,0,0,0,0,1710997848662,1710997874525,1
240321100016033,240321100016033001,BNFB000078,B,N,FB,"자바칩 프라페",1,4500,1,NULL,2,1,1,0,0,2,0,1,0,0,0,0,0,0,0,0,0,0,0,0,0,0,0,0,0,0,0,0,0,0,0,0,0,0,0,0,0,0,0,0,0,0,1710999103689,1710999104689,1
240321100016034,240321100016034001,BNFB000078,B,N,FB,"자바칩 프라페",1,4500,1,NULL,2,1,1,0,0,2,0,1,0,0,0,0,0,0,0,0,0,0,0,0,0,0,0,0,0,0,0,0,0,0,0,0,0,0,0,0,0,0,0,0,0,0,1710998242114,1710999102466,1
240321100016035,240321100016035001,BNTA000068,B,N,TA,"한라봉 티/에이드",1,3500,1,NULL,2,1,5,0,0,0,0,0,0,0,0,0,0,0,0,0,0,0,0,0,0,0,0,0,0,0,0,0,0,0,0,0,0,0,0,0,0,0,0,0,0,0,1710998490520,1710998504196,1
240321100016035,240321100016035002,BNTA000068,B,N,TA,"한라봉 티/에이드",1,3500,1,NULL,2,1,2,0,0,0,0,0,0,0,0,0,0,0,0,0,0,0,0,0,0,0,0,0,0,0,0,0,0,0,0,0,0,0,0,0,0,0,0,0,0,0,1710998480488,1710998503073,1
240321100016036,240321100016036001,BCCB000040,B,C,CB,콜드브루,1,3500,1,NULL,3,2,2,0,0,0,0,0,0,0,0,400,0,400,0,400,0,400,0,0,0,0,0,0,0,0,0,0,0,0,0,400,0,400,0,0,0,0,0,400,0,0,1710999102917,1710999103917,1
240321100016037,240321100016037001,BCCB000040,B,C,CB,콜드브루,1,3500,1,NULL,3,2,2,0,0,0,0,0,0,0,0,400,0,400,0,400,0,400,0,0,0,0,0,0,0,0,0,0,0,0,0,400,0,400,0,0,0,0,0,400,0,0,1710998873500,1710998899562,1
240321100016038,240321100016038001,BCCB000040,B,C,CB,콜드브루,1,2300,1,NULL,2,1,1,0,0,0,0,0,0,0,0,400,0,400,0,400,0,400,0,0,0,0,0,0,0,0,0,0,0,0,0,400,0,400,0,0,0,0,0,400,0,0,1710999606647,1710999635364,1
240321100016039,240321100016039001,BCCF000023,B,C,CF,아메리카노,1,1600,1,NULL,2,1,1,0,0,0,0,0,0,0,1,400,0,400,0,0,0,400,0,0,0,0,0,0,0,0,0,0,0,0,0,400,0,400,0,400,0,0,0,0,0,0,1710999920935,1710999926058,1
240321100016040,240321100016040001,BCCF000020,B,C,CF,"바닐라 라떼",1,5200,1,NULL,3,2,1,0,0,0,0,1,0,0,0,400,0,400,0,400,0,400,0,0,0,0,0,0,0,0,0,0,0,0,0,400,0,0,0,400,0,0,0,0,0,0,1711007410451,1711007411451,1
240321100016041,240321100016041001,BCCF000020,B,C,CF,"바닐라 라떼",1,3100,1,NULL,2,1,1,0,0,0,0,1,0,0,0,400,0,400,0,400,0,400,0,0,0,0,0,0,0,0,0,0,0,0,0,400,0,0,0,400,0,0,0,0,0,0,1711000151896,1711000180120,1
240321100016042,240321100016042001,BCCF000023,B,C,CF,아메리카노,1,1600,1,NULL,2,3,1,0,0,0,0,0,0,0,0,400,0,400,0,0,0,400,0,0,0,0,0,0,0,0,0,0,0,0,0,400,0,400,0,400,0,0,0,0,0,0,1711000236724,1711000243199,1
240321100016043,240321100016043001,RRRD000135,R,R,RD,분다버그(진저비어),3,3600,1,NULL,0,0,0,0,0,0,0,0,0,0,0,0,0,0,0,0,0,0,0,0,0,0,0,0,0,0,0,0,0,0,0,0,0,0,0,0,0,0,0,0,0,0,1711007347483,1711007348483,1
240321100016043,240321100016043002,RRRD000135,R,R,RD,분다버그(진저비어),3,3600,1,NULL,0,0,0,0,0,0,0,0,0,0,0,0,0,0,0,0,0,0,0,0,0,0,0,0,0,0,0,0,0,0,0,0,0,0,0,0,0,0,0,0,0,0,1711007347483,1711007348483,1
240321100016044,240321100016044001,BCCF000027,B,C,CF,"카페 라떼",1,2700,1,NULL,2,2,1,0,0,0,0,1,0,0,0,0,0,0,0,0,1,400,0,0,0,0,0,0,0,0,0,0,0,0,0,400,0,0,0,400,0,0,0,0,0,0,1711000908344,1711000921286,1
240321100016045,240321100016045001,BNFB000083,B,N,FB,"피스타치오 아몬드 프라페",1,4500,1,NULL,2,2,1,0,0,2,0,1,0,0,0,0,0,0,0,0,0,0,0,0,0,0,0,0,0,0,0,0,0,0,0,0,0,0,0,0,0,0,0,0,0,0,1711001310347,1711001340050,1
240321100016046,240321100016046001,BCCF000002,B,C,CF,"꿀 커피",1,3500,1,NULL,3,1,1,0,0,0,0,0,0,0,0,400,0,400,0,400,0,400,0,0,0,0,0,0,0,0,0,0,0,0,0,400,0,400,0,400,0,0,0,0,0,0,1711002139654,1711002165014,1
240321100016047,240321100016047001,BCCF000023,B,C,CF,아메리카노,1,1600,1,NULL,2,2,1,0,0,0,0,0,0,0,0,400,0,400,0,0,0,400,0,0,0,0,0,0,0,0,0,0,0,0,0,400,0,400,0,400,0,0,0,0,0,0,1711002413039,1711002427501,1
240321100016047,240321100016047002,BCCF000001,B,C,CF,"꿀 라떼",1,3100,1,NULL,2,2,1,0,0,0,0,1,0,0,0,400,0,400,0,400,0,400,0,0,0,0,0,0,0,0,0,0,0,0,0,400,0,400,0,400,0,0,0,0,0,0,1711002406387,1711002430368,1
240321100016048,240321100016048001,BCCF000023,B,C,CF,아메리카노,1,1200,1,NULL,1,1,1,0,0,0,0,0,0,0,0,400,0,400,0,0,0,400,0,0,0,0,0,0,0,0,0,0,0,0,0,400,0,400,0,400,0,0,0,0,0,0,1711002471246,1711002528115,1
240321100016049,240321100016049001,BCCF000002,B,C,CF,"꿀 커피",1,2300,1,NULL,2,3,1,0,0,0,0,0,0,0,0,400,0,400,0,400,0,400,0,0,0,0,0,0,0,0,0,0,0,0,0,400,0,400,0,400,0,0,0,0,0,0,1711002928110,1711002940110,1
240321100016050,240321100016050001,BNTA000064,B,N,TA,캐모마일티,1,3700,1,NULL,2,1,1,0,0,0,0,0,0,0,0,0,0,0,0,0,0,0,0,0,0,0,0,0,0,0,0,0,0,0,0,400,1,400,0,400,0,0,0,0,0,0,1711005030120,1711005063892,1
240321100016051,240321100016051001,BCCB000040,B,C,CB,콜드브루,1,2300,1,NULL,2,3,1,0,0,0,0,0,0,0,0,400,0,400,0,400,0,400,0,0,0,0,0,0,0,0,0,0,0,0,0,400,0,400,0,0,0,0,0,400,0,0,1711005969301,1711006045465,1
240321100016052,240321100016052001,BCCF000024,B,C,CF,"아몬드 라떼",1,3100,1,NULL,2,1,1,0,0,0,0,3,0,0,0,400,0,400,0,400,0,400,0,0,0,0,0,0,0,0,0,0,0,0,0,400,0,0,0,400,0,0,0,0,0,0,1711007291813,1711007309358,1
240321100016053,240321100016053001,BCCB000040,B,C,CB,콜드브루,1,2300,1,NULL,2,1,1,0,0,0,0,0,0,0,0,400,0,400,0,400,0,400,0,0,0,0,0,0,0,0,0,0,0,0,0,400,0,400,0,0,0,0,0,400,0,0,1711007373012,1711007374012,1
240321100016053,240321100016053002,BCCB000033,B,C,CB,"돌체 콜드브루 라떼",1,3500,1,NULL,2,1,1,0,0,0,0,1,0,0,0,0,0,0,0,0,0,0,0,0,0,0,0,0,0,0,0,0,0,0,0,400,0,0,0,0,0,0,0,400,0,0,1711007373012,1711007374012,1
240321100016054,240321100016054001,BCCF000027,B,C,CF,"카페 라떼",1,2700,1,NULL,2,1,1,0,0,0,0,1,0,0,0,0,0,0,0,0,0,400,0,0,0,0,0,0,0,0,0,0,0,0,0,400,0,0,0,400,0,0,0,0,0,0,1711007398065,1711007411318,1
240321100016055,240321100016055001,BCCF000024,B,C,CF,"아몬드 라떼",1,3100,1,NULL,2,3,1,0,0,0,0,1,0,0,0,400,0,400,0,400,0,400,0,0,0,0,0,0,0,0,0,0,0,0,0,400,0,0,0,400,0,0,0,0,0,0,1711007619927,1711007642951,1
240321100016056,240321100016056001,BCCF000002,B,C,CF,"꿀 커피",1,1800,1,NULL,1,1,2,0,0,0,0,0,0,0,0,400,0,400,0,400,0,400,0,0,0,0,0,0,0,0,0,0,0,0,0,400,0,400,0,400,0,0,0,0,0,0,1711007724294,1711007743246,1
240321100016057,240321100016057001,BCCF000023,B,C,CF,아메리카노,1,1200,1,NULL,1,2,1,0,0,0,0,0,0,0,0,400,0,400,0,0,0,400,0,0,0,0,0,0,0,0,0,0,0,0,0,400,0,400,0,400,0,0,0,0,0,0,1711008223061,1711008297258,1
240321100016058,240321100016058001,BCCB000040,B,C,CB,콜드브루,1,1700,1,NULL,1,1,1,0,0,0,0,0,0,0,0,400,0,400,0,400,0,400,0,0,0,0,0,0,0,0,0,0,0,0,0,400,0,400,0,0,0,0,0,400,0,0,1711009294952,1711009318366,1
240321MMTHD000111001,240321MMTHD000111001001,BCEV000287,B,C,EV,"EVENT 아메리카노",1,1000,1,NULL,3,2,1,0,0,0,0,0,0,0,0,0,0,0,0,0,0,0,0,0,0,0,0,0,0,0,0,0,0,0,0,0,0,0,0,0,0,0,0,0,0,0,1710971644940,1710971652277,0
240321MMTHD000111001,240321MMTHD000111001002,BCEV000288,B,C,EV,"EVENT 꿀라떼",1,1000,1,NULL,2,2,2,0,0,0,0,0,0,0,0,0,0,0,0,0,0,0,0,0,0,0,0,0,0,0,0,0,0,0,0,0,0,0,0,0,0,0,0,0,0,0,1710971643272,1710971653482,0
240321MMTHD000111002,240321MMTHD000111002001,BCEV000287,B,C,EV,"EVENT 아메리카노",1,1000,1,NULL,3,2,1,0,0,0,0,0,0,0,0,0,0,0,0,0,0,0,0,0,0,0,0,0,0,0,0,0,0,0,0,0,0,0,0,0,0,0,0,0,0,0,1710971737764,1710971744619,0
240321MMTHD000111002,240321MMTHD000111002002,FDDS000096,F,D,DS,"매머드 미트 칠리 핫도그",2,4900,1,NULL,0,0,0,0,0,0,0,0,0,0,0,0,0,0,0,0,0,0,0,0,0,0,0,0,0,0,0,0,0,0,0,0,0,0,0,0,0,0,0,0,0,0,1710971735966,1710971742677,0
240321MMTHD000111003,240321MMTHD000111003001,FDDS000095,F,D,DS,"매머드 마카다미아 쿠키",2,2500,1,NULL,0,0,0,0,0,0,0,0,0,0,0,0,0,0,0,0,0,0,0,0,0,0,0,0,0,0,0,0,0,0,0,0,0,0,0,0,0,0,0,0,0,0,1710972167312,1710972172698,0
240321MMTHD000111003,240321MMTHD000111003002,FDDS000090,F,D,DS,"매머드 고메버터 초코 스콘 ",2,2900,1,NULL,0,0,0,0,0,0,0,0,0,0,0,0,0,0,0,0,0,0,0,0,0,0,0,0,0,0,0,0,0,0,0,0,0,0,0,0,0,0,0,0,0,0,1710972165433,1710972171243,0
240321MMTHD000111004,240321MMTHD000111004001,FDDS000095,F,D,DS,"매머드 마카다미아 쿠키",2,2500,1,NULL,0,0,0,0,0,0,0,0,0,0,0,0,0,0,0,0,0,0,0,0,0,0,0,0,0,0,0,0,0,0,0,0,0,0,0,0,0,0,0,0,0,0,1710974206725,1710974284698,0
240321MMTHD000111004,240321MMTHD000111004002,FDDS000090,F,D,DS,"매머드 고메버터 초코 스콘 ",2,2900,1,NULL,0,0,0,0,0,0,0,0,0,0,0,0,0,0,0,0,0,0,0,0,0,0,0,0,0,0,0,0,0,0,0,0,0,0,0,0,0,0,0,0,0,0,1710974209891,1710974286311,0
240321MMTHD000111004,240321MMTHD000111004003,FDDS000131,F,D,DS,"햄&치즈 대만식 샌드위치",2,2200,1,NULL,0,0,0,0,0,0,0,0,0,0,0,0,0,0,0,0,0,0,0,0,0,0,0,0,0,0,0,0,0,0,0,0,0,0,0,0,0,0,0,0,0,0,1710974212086,1710974287387,0
240321MMTHD000111005,240321MMTHD000111005001,BCCF000014,B,C,CF,"디카페인 카페 라떼",1,3400,1,NULL,2,2,2,0,0,0,0,1,0,0,0,0,0,0,0,0,0,0,0,0,0,0,0,0,0,0,0,0,0,0,0,0,0,0,0,0,0,0,0,0,0,0,1710974230267,1710974320581,0
240321MMTHD000111006,240321MMTHD000111006001,BNEV000290,B,N,EV,"EVENT 매머드에이드",1,2000,1,NULL,3,2,1,0,0,0,0,0,0,0,0,0,0,0,0,0,0,0,0,0,0,0,0,0,0,0,0,0,0,0,0,0,0,0,0,0,0,0,0,0,0,0,1710974231959,1710974325445,0
240321MMTHD000111007,240321MMTHD000111007001,BCCF000027,B,C,CF,"카페 라떼",1,2700,1,NULL,2,2,2,0,0,0,0,1,0,0,0,0,0,0,0,0,0,0,0,0,0,0,0,0,0,0,0,0,0,0,0,0,0,0,0,0,0,0,0,0,0,0,1710975803074,1710975940845,0
240321MMTHD000111008,240321MMTHD000111008001,BCCB000033,B,C,CB,"돌체 콜드브루 라떼",1,3500,1,NULL,2,2,1,0,0,0,0,1,0,0,0,0,0,0,0,0,0,0,0,0,0,0,0,0,0,0,0,0,0,0,0,0,0,0,0,0,0,0,0,0,0,0,1710975858570,1710975996999,0
240321MMTHD000111010,240321MMTHD000111010001,BCEV000287,B,C,EV,"EVENT 아메리카노",1,1000,1,NULL,3,2,1,0,0,0,0,0,0,0,0,0,0,0,0,0,0,0,0,0,0,0,0,0,0,0,0,0,0,0,0,0,0,0,0,0,0,0,0,0,0,0,1710976206717,1710976256834,0
240321MMTHD000111010,240321MMTHD000111010002,BNEV000289,B,N,EV,"EVENT 레몬밤민트티",1,2000,1,NULL,2,2,1,0,0,0,0,0,0,0,0,0,0,0,0,0,0,0,0,0,0,0,0,0,0,0,0,0,0,0,0,0,0,0,0,0,0,0,0,0,0,0,1710976208780,1710976251730,0
240321MMTHD000111013,240321MMTHD000111013001,BCEV000287,B,C,EV,"EVENT 아메리카노",1,1000,1,NULL,3,2,2,0,0,0,0,0,0,0,0,0,0,0,0,0,0,0,0,0,0,0,0,0,0,0,0,0,0,0,0,0,0,0,0,0,0,0,0,0,0,0,1710977262420,1710977263420,0
240321MMTHD000111013,240321MMTHD000111013002,BCEV000287,B,C,EV,"EVENT 아메리카노",1,1000,1,NULL,3,2,2,0,0,0,0,0,0,0,0,0,0,0,0,0,0,0,0,0,0,0,0,0,0,0,0,0,0,0,0,0,0,0,0,0,0,0,0,0,0,0,1710977262420,1710977263420,0
240321MMTHD000111014,240321MMTHD000111014001,BCEV000288,B,C,EV,"EVENT 꿀라떼",1,1000,1,NULL,2,2,2,0,0,0,0,0,0,0,0,0,0,0,0,0,0,0,0,0,0,0,0,0,0,0,0,0,0,0,0,0,0,0,0,0,0,0,0,0,0,0,1710977217737,1710977393586,0
240321MMTHD000111014,240321MMTHD000111014002,BCEV000288,B,C,EV,"EVENT 꿀라떼",1,1000,1,NULL,2,2,2,0,0,0,0,0,0,0,0,0,0,0,0,0,0,0,0,0,0,0,0,0,0,0,0,0,0,0,0,0,0,0,0,0,0,0,0,0,0,0,1710977224498,1710977402593,0
240321MMTHD000111014,240321MMTHD000111014003,BCEV000288,B,C,EV,"EVENT 꿀라떼",1,1000,1,NULL,2,2,2,0,0,0,0,0,0,0,0,0,0,0,0,0,0,0,0,0,0,0,0,0,0,0,0,0,0,0,0,0,0,0,0,0,0,0,0,0,0,0,1710977231559,1710977384790,0
240321MMTHD000111014,240321MMTHD000111014004,BCEV000288,B,C,EV,"EVENT 꿀라떼",1,1000,1,NULL,2,2,2,0,0,0,0,0,0,0,0,0,0,0,0,0,0,0,0,0,0,0,0,0,0,0,0,0,0,0,0,0,0,0,0,0,0,0,0,0,0,0,1710977238964,1710977390405,0
240321MMTHD000111015,240321MMTHD000111015001,BCEV000288,B,C,EV,"EVENT 꿀라떼",1,1000,1,NULL,2,2,2,0,0,0,0,0,0,0,0,0,0,0,0,0,0,0,0,0,0,0,0,0,0,0,0,0,0,0,0,0,0,0,0,0,0,0,0,0,0,0,1710977631120,1710977799013,0
240321MMTHD000111015,240321MMTHD000111015002,BCEV000288,B,C,EV,"EVENT 꿀라떼",1,1000,1,NULL,2,2,2,0,0,0,0,0,0,0,0,0,0,0,0,0,0,0,0,0,0,0,0,0,0,0,0,0,0,0,0,0,0,0,0,0,0,0,0,0,0,0,1710977640658,1710977807063,0
240321MMTHD000111017,240321MMTHD000111017001,BCEV000287,B,C,EV,"EVENT 아메리카노",1,1000,1,NULL,3,3,2,0,0,0,0,0,0,0,0,0,0,0,0,0,0,0,0,0,0,0,0,0,0,0,0,0,0,0,0,0,0,0,0,0,0,0,0,0,0,0,1710977677017,1710977836203,0
240321MMTHD000111019,240321MMTHD000111019001,BCEV000287,B,C,EV,"EVENT 아메리카노",1,1000,1,NULL,3,2,1,0,0,0,0,0,0,0,0,0,0,0,0,0,0,0,0,0,0,0,0,0,0,0,0,0,0,0,0,0,0,0,0,0,0,0,0,0,0,0,1710977762813,1710977903668,0
240321MMTHD000111019,240321MMTHD000111019002,FDNW000241,F,D,NW,"근대골목 생크림 단팥빵",2,3800,1,NULL,0,0,0,0,0,0,0,0,0,0,0,0,0,0,0,0,0,0,0,0,0,0,0,0,0,0,0,0,0,0,0,0,0,0,0,0,0,0,0,0,0,0,1710977771728,1710977911358,0
240321MMTHD000111024,240321MMTHD000111024001,BCEV000287,B,C,EV,"EVENT 아메리카노",1,1000,1,NULL,3,2,2,0,0,0,0,0,0,0,0,0,0,0,0,0,0,0,0,0,0,0,0,0,0,0,0,0,0,0,0,0,0,0,0,0,0,0,0,0,0,0,1710978320689,1710978394982,0
240321MMTHD000111024,240321MMTHD000111024002,BCEV000287,B,C,EV,"EVENT 아메리카노",1,1000,1,NULL,3,2,2,0,0,0,0,0,0,0,0,0,0,0,0,0,0,0,0,0,0,0,0,0,0,0,0,0,0,0,0,0,0,0,0,0,0,0,0,0,0,0,1710978210682,1710978329590,0
240321MMTHD000111024,240321MMTHD000111024003,BCEV000287,B,C,EV,"EVENT 아메리카노",1,1000,1,NULL,3,2,2,0,0,0,0,0,0,0,0,0,0,0,0,0,0,0,0,0,0,0,0,0,0,0,0,0,0,0,0,0,0,0,0,0,0,0,0,0,0,0,1710978206960,1710978394982,0
240321MMTHD000111026,240321MMTHD000111026001,BCEV000287,B,C,EV,"EVENT 아메리카노",1,1000,1,NULL,3,2,1,0,0,0,0,0,0,0,0,0,0,0,0,0,0,0,0,0,0,0,0,0,0,0,0,0,0,0,0,0,0,0,0,0,0,0,0,0,0,0,1710978142571,1710978281326,0
240321MMTHD000111026,240321MMTHD000111026002,BCEV000287,B,C,EV,"EVENT 아메리카노",1,1000,1,NULL,3,2,1,0,0,0,0,0,0,0,0,0,0,0,0,0,0,0,0,0,0,0,0,0,0,0,0,0,0,0,0,0,0,0,0,0,0,0,0,0,0,0,1710978141509,1710978264841,0
240321MMTHD000111026,240321MMTHD000111026003,BCEV000288,B,C,EV,"EVENT 꿀라떼",1,1000,1,NULL,2,2,1,0,0,0,0,0,0,0,0,0,0,0,0,0,0,0,0,0,0,0,0,0,0,0,0,0,0,0,0,0,0,0,0,0,0,0,0,0,0,0,1710978140331,1710978244661,0
240321MMTHD000111028,240321MMTHD000111028001,BCEV000287,B,C,EV,"EVENT 아메리카노",1,1000,1,NULL,3,2,1,0,0,0,0,0,0,0,0,0,0,0,0,0,0,0,0,0,0,0,0,0,0,0,0,0,0,0,0,0,0,0,0,0,0,0,0,0,0,0,1710978349383,1710978530680,0
240321MMTHD000111034,240321MMTHD000111034001,BCEV000287,B,C,EV,"EVENT 아메리카노",1,1000,1,NULL,3,2,2,0,0,0,0,0,0,0,0,0,0,0,0,0,0,0,0,0,0,0,0,0,0,0,0,0,0,0,0,0,0,0,0,0,0,0,0,0,0,0,1710978834866,1710978839107,0
240321MMTHD000111035,240321MMTHD000111035001,BCCF000150,B,C,CF,"샷추가 아메리카노",1,2000,1,NULL,2,2,2,0,0,0,0,0,0,0,0,0,0,0,0,0,0,0,0,0,0,0,0,0,0,0,0,0,0,0,0,0,0,0,0,0,0,0,0,0,0,0,1710979001615,1710979058520,0
240321MMTHD000111037,240321MMTHD000111037001,BCEV000288,B,C,EV,"EVENT 꿀라떼",1,1000,1,NULL,2,2,2,0,0,0,0,0,0,0,0,0,0,0,0,0,0,0,0,0,0,0,0,0,0,0,0,0,0,0,0,0,0,0,0,0,0,0,0,0,0,0,1710979011393,1710979181359,0
240321MMTHD000111040,240321MMTHD000111040001,BCEV000287,B,C,EV,"EVENT 아메리카노",1,1000,1,NULL,3,2,2,0,0,0,0,0,0,0,0,0,0,0,0,0,0,0,0,0,0,0,0,0,0,0,0,0,0,0,0,0,0,0,0,0,0,0,0,0,0,0,1710979420263,1710979608593,0
240321MMTHD000111041,240321MMTHD000111041001,BCCF000023,B,C,CF,아메리카노,1,1600,1,NULL,2,2,1,0,0,0,0,0,0,0,0,0,0,0,0,0,0,0,0,0,0,0,0,0,0,0,0,0,0,0,0,0,0,0,0,0,0,0,0,0,0,0,1710979498148,1710979583025,0
240321MMTHD000111042,240321MMTHD000111042001,BCEV000287,B,C,EV,"EVENT 아메리카노",1,1000,1,NULL,3,2,1,0,0,0,0,0,0,0,0,0,0,0,0,0,0,0,0,0,0,0,0,0,0,0,0,0,0,0,0,0,0,0,0,0,0,0,0,0,0,0,1710979612241,1710979652002,0
240321MMTHD000111044,240321MMTHD000111044001,BCEV000288,B,C,EV,"EVENT 꿀라떼",1,1000,1,NULL,2,2,1,0,0,0,0,0,0,0,0,0,0,0,0,0,0,0,0,0,0,0,0,0,0,0,0,0,0,0,0,0,0,0,0,0,0,0,0,0,0,0,1710979741988,1710979895988,0
240321MMTHD000111044,240321MMTHD000111044002,BCEV000288,B,C,EV,"EVENT 꿀라떼",1,1000,1,NULL,2,2,2,0,0,0,0,0,0,0,0,0,0,0,0,0,0,0,0,0,0,0,0,0,0,0,0,0,0,0,0,0,0,0,0,0,0,0,0,0,0,0,1710979739942,1710979895988,0
240321MMTHD000111046,240321MMTHD000111046001,BCEV000287,B,C,EV,"EVENT 아메리카노",1,1000,1,NULL,3,2,2,0,0,0,0,0,0,0,0,0,0,0,0,0,0,0,0,0,0,0,0,0,0,0,0,0,0,0,0,0,0,0,0,0,0,0,0,0,0,0,1710979916375,1710980038862,0
240321MMTHD000111047,240321MMTHD000111047001,BCEV000287,B,C,EV,"EVENT 아메리카노",1,1000,1,NULL,3,2,2,0,0,0,0,0,0,0,0,0,0,0,0,0,0,0,0,0,0,0,0,0,0,0,0,0,0,0,0,0,0,0,0,0,0,0,0,0,0,0,1710979962744,1710980282889,0
240321MMTHD000111047,240321MMTHD000111047002,BNEV000290,B,N,EV,"EVENT 매머드에이드",1,2000,1,NULL,3,2,1,0,0,0,0,0,0,0,0,0,0,0,0,0,0,0,0,0,0,0,0,0,0,0,0,0,0,0,0,0,0,0,0,0,0,0,0,0,0,0,1710979981854,1710980282889,0
240321MMTHD000111047,240321MMTHD000111047003,BCEV000288,B,C,EV,"EVENT 꿀라떼",1,1000,1,NULL,2,2,2,0,0,0,0,0,0,0,0,0,0,0,0,0,0,0,0,0,0,0,0,0,0,0,0,0,0,0,0,0,0,0,0,0,0,0,0,0,0,0,1710979986544,1710980282889,0
240321MMTHD000111047,240321MMTHD000111047004,BNEV000289,B,N,EV,"EVENT 레몬밤민트티",1,2000,1,NULL,2,2,2,0,0,0,0,0,0,0,0,0,0,0,0,0,0,0,0,0,0,0,0,0,0,0,0,0,0,0,0,0,0,0,0,0,0,0,0,0,0,0,1710980021477,1710980282889,0
240321MMTHD000111048,240321MMTHD000111048001,BCEV000288,B,C,EV,"EVENT 꿀라떼",1,1000,1,NULL,2,2,1,0,0,0,0,0,0,0,0,0,0,0,0,0,0,0,0,0,0,0,0,0,0,0,0,0,0,0,0,0,0,0,0,0,0,0,0,0,0,0,1710980024471,1710980201516,0
240321MMTHD000111049,240321MMTHD000111049001,BNEV000290,B,N,EV,"EVENT 매머드에이드",1,2000,1,NULL,3,2,1,0,0,0,0,0,0,0,0,0,0,0,0,0,0,0,0,0,0,0,0,0,0,0,0,0,0,0,0,0,0,0,0,0,0,0,0,0,0,0,1710980034096,1710980297821,0
240321MMTHD000111051,240321MMTHD000111051001,BNFB000070,B,N,FB,"딸기 밀크쉐이크",1,4500,1,NULL,2,2,1,0,0,0,0,1,0,0,0,0,0,0,0,0,0,0,0,0,0,0,0,0,0,0,0,0,0,0,0,0,0,0,0,0,0,0,0,0,0,0,1710980363077,1710980554546,0
240321MMTHD000111052,240321MMTHD000111052001,BCEV000287,B,C,EV,"EVENT 아메리카노",1,1000,1,NULL,3,2,1,0,0,0,0,0,0,0,0,0,0,0,0,0,0,0,0,0,0,0,0,0,0,0,0,0,0,0,0,0,0,0,0,0,0,0,0,0,0,0,1710980505238,1710980634075,0
240321MMTHD000111052,240321MMTHD000111052002,BCEV000287,B,C,EV,"EVENT 아메리카노",1,1000,1,NULL,3,2,1,0,0,0,0,0,0,0,0,0,0,0,0,0,0,0,0,0,0,0,0,0,0,0,0,0,0,0,0,0,0,0,0,0,0,0,0,0,0,0,1710980503831,1710980634075,0
240321MMTHD000111052,240321MMTHD000111052003,BCEV000287,B,C,EV,"EVENT 아메리카노",1,1000,1,NULL,3,2,1,0,0,0,0,0,0,0,0,0,0,0,0,0,0,0,0,0,0,0,0,0,0,0,0,0,0,0,0,0,0,0,0,0,0,0,0,0,0,0,1710980502754,1710980634075,0
240321MMTHD000111054,240321MMTHD000111054001,BCEV000288,B,C,EV,"EVENT 꿀라떼",1,1000,1,NULL,2,2,1,0,0,0,0,0,0,0,0,0,0,0,0,0,0,0,0,0,0,0,0,0,0,0,0,0,0,0,0,0,0,0,0,0,0,0,0,0,0,0,1710980590262,1710980734906,0
240321MMTHD000111055,240321MMTHD000111055001,BCCF000023,B,C,CF,아메리카노,1,1200,1,NULL,1,2,2,0,0,0,0,0,0,0,0,0,0,0,0,0,0,0,0,0,0,0,0,0,0,0,0,0,0,0,0,0,0,0,0,0,0,0,0,0,0,0,1710980751244,1710980752244,0
240321MMTHD000111056,240321MMTHD000111056001,BCEV000288,B,C,EV,"EVENT 꿀라떼",1,1000,1,NULL,2,2,2,0,0,0,0,0,0,0,0,0,0,0,0,0,0,0,0,0,0,0,0,0,0,0,0,0,0,0,0,0,0,0,0,0,0,0,0,0,0,0,1710980955271,1710980956271,0
240321MMTHD000111057,240321MMTHD000111057001,BCEV000287,B,C,EV,"EVENT 아메리카노",1,1000,1,NULL,3,2,2,0,0,0,0,0,0,0,0,0,0,0,0,0,0,0,0,0,0,0,0,0,0,0,0,0,0,0,0,0,0,0,0,0,0,0,0,0,0,0,1710980782843,1710981019864,0
240321MMTHD000111057,240321MMTHD000111057002,BCEV000287,B,C,EV,"EVENT 아메리카노",1,1000,1,NULL,3,2,2,0,0,0,0,0,0,0,0,0,0,0,0,0,0,0,0,0,0,0,0,0,0,0,0,0,0,0,0,0,0,0,0,0,0,0,0,0,0,0,1710980793916,1710981019864,0
240321MMTHD000111057,240321MMTHD000111057003,BCEV000287,B,C,EV,"EVENT 아메리카노",1,1000,1,NULL,3,2,1,0,0,0,0,0,0,0,0,0,0,0,0,0,0,0,0,0,0,0,0,0,0,0,0,0,0,0,0,0,0,0,0,0,0,0,0,0,0,0,1710980800639,1710981019864,0
240321MMTHD000111057,240321MMTHD000111057004,BCEV000287,B,C,EV,"EVENT 아메리카노",1,1000,1,NULL,3,2,1,0,0,0,0,0,0,0,0,0,0,0,0,0,0,0,0,0,0,0,0,0,0,0,0,0,0,0,0,0,0,0,0,0,0,0,0,0,0,0,1710980804438,1710981019864,0
240321MMTHD000111057,240321MMTHD000111057005,BCEV000288,B,C,EV,"EVENT 꿀라떼",1,1000,1,NULL,2,2,2,0,0,0,0,0,0,0,0,0,0,0,0,0,0,0,0,0,0,0,0,0,0,0,0,0,0,0,0,0,0,0,0,0,0,0,0,0,0,0,1710980814944,1710981019864,0
240321MMTHD000111057,240321MMTHD000111057006,BNEV000290,B,N,EV,"EVENT 매머드에이드",1,2000,1,NULL,3,2,1,0,0,0,0,0,0,0,0,0,0,0,0,0,0,0,0,0,0,0,0,0,0,0,0,0,0,0,0,0,0,0,0,0,0,0,0,0,0,0,1710980830333,1710981019864,0
240321MMTHD000111058,240321MMTHD000111058001,BCEV000288,B,C,EV,"EVENT 꿀라떼",1,1000,1,NULL,2,3,1,0,0,0,0,0,0,0,0,0,0,0,0,0,0,0,0,0,0,0,0,0,0,0,0,0,0,0,0,0,0,0,0,0,0,0,0,0,0,0,1710980837616,1710981299387,0
240321MMTHD000111059,240321MMTHD000111059001,BCEV000288,B,C,EV,"EVENT 꿀라떼",1,1000,1,NULL,2,2,1,0,0,0,0,0,0,0,0,0,0,0,0,0,0,0,0,0,0,0,0,0,0,0,0,0,0,0,0,0,0,0,0,0,0,0,0,0,0,0,1710981280828,1710981281828,0
240321MMTHD000111059,240321MMTHD000111059002,BNEV000289,B,N,EV,"EVENT 레몬밤민트티",1,2000,1,NULL,2,2,1,0,0,0,0,0,0,0,0,0,0,0,0,0,0,0,0,0,0,0,0,0,0,0,0,0,0,0,0,0,0,0,0,0,0,0,0,0,0,0,1710981280828,1710981281828,0
240321MMTHD000111060,240321MMTHD000111060001,BNEV000289,B,N,EV,"EVENT 레몬밤민트티",1,2000,1,NULL,2,2,1,0,0,0,0,0,0,0,0,0,0,0,0,0,0,0,0,0,0,0,0,0,0,0,0,0,0,0,0,0,0,0,0,0,0,0,0,0,0,0,1710981281955,1710981282955,0
240321MMTHD000111063,240321MMTHD000111063001,BCEV000288,B,C,EV,"EVENT 꿀라떼",1,1000,1,NULL,2,2,1,0,0,0,0,0,0,0,0,0,0,0,0,0,0,0,0,0,0,0,0,0,0,0,0,0,0,0,0,0,0,0,0,0,0,0,0,0,0,0,1710981410670,1710981506950,0
240321MMTHD000111064,240321MMTHD000111064001,BCEV000287,B,C,EV,"EVENT 아메리카노",1,1000,1,NULL,3,2,2,0,0,0,0,0,0,0,0,0,0,0,0,0,0,0,0,0,0,0,0,0,0,0,0,0,0,0,0,0,0,0,0,0,0,0,0,0,0,0,1710981596428,1710981710992,0
240321MMTHD000111064,240321MMTHD000111064002,BCEV000287,B,C,EV,"EVENT 아메리카노",1,1000,1,NULL,3,3,1,0,0,0,0,0,0,0,0,0,0,0,0,0,0,0,0,0,0,0,0,0,0,0,0,0,0,0,0,0,0,0,0,0,0,0,0,0,0,0,1710981610586,1710981710992,0
240321MMTHD000111065,240321MMTHD000111065001,BCEV000287,B,C,EV,"EVENT 아메리카노",1,1000,1,NULL,3,2,1,0,0,0,0,0,0,0,0,0,0,0,0,0,0,0,0,0,0,0,0,0,0,0,0,0,0,0,0,0,0,0,0,0,0,0,0,0,0,0,1710981836611,1710981986750,0
240321MMTHD000111065,240321MMTHD000111065002,BCEV000287,B,C,EV,"EVENT 아메리카노",1,1000,1,NULL,3,2,1,0,0,0,0,0,0,0,0,0,0,0,0,0,0,0,0,0,0,0,0,0,0,0,0,0,0,0,0,0,0,0,0,0,0,0,0,0,0,0,1710981843290,1710981983110,0
240321MMTHD000111065,240321MMTHD000111065003,BCEV000288,B,C,EV,"EVENT 꿀라떼",1,1000,1,NULL,2,2,1,0,0,0,0,0,0,0,0,0,0,0,0,0,0,0,0,0,0,0,0,0,0,0,0,0,0,0,0,0,0,0,0,0,0,0,0,0,0,0,1710981852407,1710981990313,0
240321MMTHD000111067,240321MMTHD000111067001,BCEV000287,B,C,EV,"EVENT 아메리카노",1,1000,1,NULL,3,2,2,0,0,0,0,0,0,0,0,0,0,0,0,0,0,0,0,0,0,0,0,0,0,0,0,0,0,0,0,0,0,0,0,0,0,0,0,0,0,0,1710981949456,1710982026026,0
240321MMTHD000111070,240321MMTHD000111070001,BCCF000150,B,C,CF,"샷추가 아메리카노",1,2000,1,NULL,2,2,2,0,0,0,0,0,0,0,0,0,0,0,0,0,0,0,0,0,0,0,0,0,0,0,0,0,0,0,0,0,0,0,0,0,0,0,0,0,0,0,1710982504038,1710982557245,0
240321MMTHD000111071,240321MMTHD000111071001,BCEV000288,B,C,EV,"EVENT 꿀라떼",1,1000,1,NULL,2,2,2,0,0,0,0,0,0,0,0,0,0,0,0,0,0,0,0,0,0,0,0,0,0,0,0,0,0,0,0,0,0,0,0,0,0,0,0,0,0,0,1710982641853,1710982642853,0
240321MMTHD000111072,240321MMTHD000111072001,BCEV000288,B,C,EV,"EVENT 꿀라떼",1,1000,1,NULL,2,2,1,0,0,0,0,0,0,0,0,0,0,0,0,0,0,0,0,0,0,0,0,0,0,0,0,0,0,0,0,0,0,0,1,400,0,0,0,0,0,0,1710983112147,1710983190766,0
240321MMTHD000111076,240321MMTHD000111076001,BCEV000287,B,C,EV,"EVENT 아메리카노",1,1000,1,NULL,3,2,1,0,0,0,0,0,0,0,0,0,0,0,0,0,0,0,0,0,0,0,0,0,0,0,0,0,0,0,0,0,0,0,0,0,0,0,0,0,0,0,1710983829507,1710983873886,0
240321MMTHD000111077,240321MMTHD000111077001,BCEV000287,B,C,EV,"EVENT 아메리카노",1,1000,1,NULL,3,2,2,0,0,0,0,0,0,0,0,0,0,0,0,0,0,0,0,0,0,0,0,0,0,0,0,0,0,0,0,0,0,0,1,400,0,0,0,0,0,0,1710983867116,1710983982317,0
240321MMTHD000111077,240321MMTHD000111077002,BCEV000287,B,C,EV,"EVENT 아메리카노",1,1000,1,NULL,3,2,1,0,0,0,0,0,0,0,0,0,0,0,0,0,0,0,0,0,0,0,0,0,0,0,0,0,0,0,0,0,0,0,1,400,0,0,0,0,0,0,1710983867616,1710983982317,0
240321MMTHD000111078,240321MMTHD000111078001,BCCF000031,B,C,CF,"헤이즐넛 커피",1,2300,1,NULL,1,2,2,0,0,0,0,0,0,0,0,0,0,0,0,0,0,0,0,0,0,0,0,0,0,0,0,0,0,0,0,0,0,0,0,0,0,0,0,0,0,0,1710984132324,1710984188979,0
240321MMTHD000111080,240321MMTHD000111080001,BCEV000288,B,C,EV,"EVENT 꿀라떼",1,1000,1,NULL,2,2,1,0,0,0,0,0,0,0,0,0,0,0,0,0,0,0,0,0,0,0,0,0,0,0,0,0,0,0,0,0,0,0,0,0,0,0,0,0,0,0,1710985409730,1710985547215,0
240321MMTHD000111080,240321MMTHD000111080002,BCEV000288,B,C,EV,"EVENT 꿀라떼",1,1000,1,NULL,2,2,1,0,0,0,0,0,0,0,0,0,0,0,0,0,0,0,0,0,0,0,0,0,0,0,0,0,0,0,0,0,0,0,0,0,0,0,0,0,0,0,1710985410142,1710985547215,0
240321MMTHD000111080,240321MMTHD000111080003,BCEV000288,B,C,EV,"EVENT 꿀라떼",1,1000,1,NULL,2,2,1,0,0,0,0,0,0,0,0,0,0,0,0,0,0,0,0,0,0,0,0,0,0,0,0,0,0,0,0,0,0,0,0,0,0,0,0,0,0,0,1710985410485,1710985547215,0
240321MMTHD000111081,240321MMTHD000111081001,BCEV000288,B,C,EV,"EVENT 꿀라떼",1,1000,1,NULL,2,2,1,0,0,0,0,0,0,0,0,0,0,0,0,0,0,0,0,0,0,0,0,0,0,0,0,0,0,0,0,0,0,0,0,0,0,0,0,0,0,0,1710985538133,1710985618628,0
240321MMTHD000111082,240321MMTHD000111082001,BCEV000288,B,C,EV,"EVENT 꿀라떼",1,1000,1,NULL,2,2,1,0,0,0,0,0,0,0,0,0,0,0,0,0,0,0,0,0,0,0,0,0,0,0,0,0,0,0,0,0,0,0,0,0,0,0,0,0,0,0,1710985673753,1710985758917,0
240321MMTHD000111083,240321MMTHD000111083001,BCCF000027,B,C,CF,"카페 라떼",1,2700,1,NULL,2,2,1,0,0,0,0,1,0,0,0,0,0,0,0,0,0,0,0,0,0,0,0,0,0,0,0,0,0,0,0,0,0,0,0,0,0,0,0,0,0,0,1710985911913,1710985985007,0
240321MMTHD000111084,240321MMTHD000111084001,BCEV000288,B,C,EV,"EVENT 꿀라떼",1,1000,1,NULL,2,2,2,0,0,0,0,0,0,0,0,0,0,0,0,0,0,0,0,0,0,0,0,0,0,0,0,0,0,0,0,0,0,0,0,0,0,0,0,0,0,0,1710986018110,1710986115592,0
240321MMTHD000111085,240321MMTHD000111085001,BCEV000287,B,C,EV,"EVENT 아메리카노",1,1000,1,NULL,3,2,1,0,0,0,0,0,0,0,0,0,0,0,0,0,0,0,0,0,0,0,0,0,0,0,0,0,0,0,0,0,0,0,0,0,0,0,0,0,0,0,1710986058704,1710986118321,0
240321MMTHD000111086,240321MMTHD000111086001,BCEV000287,B,C,EV,"EVENT 아메리카노",1,1000,1,NULL,3,2,1,0,0,0,0,0,0,0,0,0,0,0,0,0,0,0,0,0,0,0,0,0,0,0,0,0,0,0,0,0,0,0,0,0,0,0,0,0,0,0,1710986127164,1710986178117,0
240321MMTHD000111087,240321MMTHD000111087001,BNTA000064,B,N,TA,캐모마일티,1,3700,1,NULL,2,2,1,0,0,0,0,0,0,0,0,0,0,0,0,0,0,0,0,0,0,0,0,0,0,0,0,0,0,0,0,0,0,0,0,0,0,0,0,0,0,0,1710987019062,1710987078746,0
240321MMTHD000111087,240321MMTHD000111087002,BCCF000023,B,C,CF,아메리카노,1,1600,1,NULL,2,2,1,0,0,0,0,0,0,0,0,0,0,0,0,0,0,0,0,0,0,0,0,0,0,0,0,0,0,0,0,0,0,0,0,0,0,0,0,0,0,0,1710987013425,1710987078746,0
240321MMTHD000111088,240321MMTHD000111088001,BCEV000287,B,C,EV,"EVENT 아메리카노",1,1000,1,NULL,3,2,1,0,0,0,0,0,0,0,0,0,0,0,0,0,0,0,0,0,0,0,0,0,0,0,0,0,0,0,0,0,0,0,0,0,0,0,0,0,0,0,1710987033757,1710987110001,0
240321MMTHD000111088,240321MMTHD000111088002,BCEV000287,B,C,EV,"EVENT 아메리카노",1,1000,1,NULL,3,2,1,0,0,0,0,0,0,0,0,0,0,0,0,0,0,0,0,0,0,0,0,0,0,0,0,0,0,0,0,0,0,0,0,0,0,0,0,0,0,0,1710987033978,1710987110001,0
240321MMTHD000111090,240321MMTHD000111090001,BCCF000023,B,C,CF,아메리카노,1,1600,1,NULL,2,2,1,0,0,0,0,0,0,0,0,0,0,0,0,0,0,0,0,0,0,0,0,0,0,0,0,0,0,0,0,0,0,0,0,0,0,0,0,0,0,0,1710987902012,1710987992686,0
240321MMTHD000111090,240321MMTHD000111090002,BCCF000023,B,C,CF,아메리카노,1,1600,1,NULL,2,2,2,0,0,0,0,0,0,0,0,0,0,0,0,0,0,0,0,0,0,0,0,0,0,0,0,0,0,0,0,0,0,0,0,0,0,0,0,0,0,0,1710987904367,1710987992686,0
240321MMTHD000111091,240321MMTHD000111091001,BNEV000290,B,N,EV,"EVENT 매머드에이드",1,2000,1,NULL,3,2,1,0,0,0,0,0,0,0,0,0,0,0,0,0,0,0,0,0,0,0,0,0,0,0,0,0,0,0,0,0,0,0,0,0,0,0,0,0,0,0,1710988045868,1710988101025,0
240321MMTHD000111091,240321MMTHD000111091002,BCEV000288,B,C,EV,"EVENT 꿀라떼",1,1000,1,NULL,2,2,1,0,0,0,0,0,0,0,0,0,0,0,0,0,0,0,0,0,0,0,0,0,0,0,0,0,0,0,0,0,0,0,0,0,0,0,0,0,0,0,1710988048377,1710988087106,0
240321MMTHD000111093,240321MMTHD000111093001,BCEV000288,B,C,EV,"EVENT 꿀라떼",1,1000,1,NULL,2,2,1,0,0,0,0,0,0,0,0,0,0,0,0,0,0,0,0,0,0,0,0,0,0,0,0,0,0,0,0,0,0,0,0,0,0,0,0,0,0,0,1710988352130,1710988353130,0
240321MMTHD000111093,240321MMTHD000111093002,BCEV000288,B,C,EV,"EVENT 꿀라떼",1,1000,1,NULL,2,2,1,0,0,0,0,0,0,0,0,0,0,0,0,0,0,0,0,0,0,0,0,0,0,0,0,0,0,0,0,0,0,0,0,0,0,0,0,0,0,0,1710988260740,1710988353130,0
240321MMTHD000111093,240321MMTHD000111093003,BCEV000288,B,C,EV,"EVENT 꿀라떼",1,1000,1,NULL,2,2,1,0,0,0,0,0,0,0,0,0,0,0,0,0,0,0,0,0,0,0,0,0,0,0,0,0,0,0,0,0,0,0,1,400,0,0,0,0,0,0,1710988262733,1710988353130,0
240321MMTHD000111094,240321MMTHD000111094001,BCEV000287,B,C,EV,"EVENT 아메리카노",1,1000,1,NULL,3,2,1,0,0,0,0,0,0,0,0,0,0,0,0,0,0,0,0,0,0,0,0,0,0,0,0,0,0,0,0,0,0,0,0,0,0,0,0,0,0,0,1710988545347,1710988597511,0
240321MMTHD000111095,240321MMTHD000111095001,BCEV000287,B,C,EV,"EVENT 아메리카노",1,1000,1,NULL,3,2,2,0,0,0,0,0,0,0,0,0,0,0,0,0,0,0,0,0,0,0,0,0,0,0,0,0,0,0,0,0,0,0,1,400,0,0,0,0,0,0,1710988627342,1710988690895,0
240321MMTHD000111097,240321MMTHD000111097001,BCEV000287,B,C,EV,"EVENT 아메리카노",1,1000,1,NULL,3,2,1,0,0,0,0,0,0,0,0,0,0,0,0,0,0,0,0,0,0,0,0,0,0,0,0,0,0,0,0,0,0,0,0,0,0,0,0,0,0,0,1710989216617,1710989240684,0
240321MMTHD000111097,240321MMTHD000111097002,BCEV000288,B,C,EV,"EVENT 꿀라떼",1,1000,1,NULL,2,2,1,0,0,0,0,0,0,0,0,0,0,0,0,0,0,0,0,0,0,0,0,0,0,0,0,0,0,0,0,0,0,0,0,0,0,0,0,0,0,0,1710989212613,1710989244842,0
240321MMTHD000111098,240321MMTHD000111098001,BCEV000287,B,C,EV,"EVENT 아메리카노",1,1000,1,NULL,3,2,1,0,0,0,0,0,0,0,0,0,0,0,0,0,0,0,0,0,0,0,0,0,0,0,0,0,0,0,0,0,0,0,0,0,0,0,0,0,0,0,1710989424907,1710989449324,0
240321MMTHD000111098,240321MMTHD000111098002,BCEV000288,B,C,EV,"EVENT 꿀라떼",1,1000,1,NULL,2,2,1,0,0,0,0,0,0,0,0,0,0,0,0,0,0,0,0,0,0,0,0,0,0,0,0,0,0,0,0,0,0,0,0,0,0,0,0,0,0,0,1710989421393,1710989453836,0
240321MMTHD000111099,240321MMTHD000111099001,BCEV000287,B,C,EV,"EVENT 아메리카노",1,1000,1,NULL,3,2,1,0,0,0,0,0,0,0,0,0,0,0,0,0,0,0,0,0,0,0,0,0,0,0,0,0,0,0,0,0,0,0,0,0,0,0,0,0,0,0,1710990142014,1710990178968,0
240321MMTHD000111099,240321MMTHD000111099002,BCCF000020,B,C,CF,"바닐라 라떼",1,3100,1,NULL,2,2,2,0,0,0,0,1,0,0,0,0,0,0,0,0,0,0,0,0,0,0,0,0,0,0,0,0,0,0,0,0,0,0,1,400,0,0,0,0,0,0,1710989955535,1710990178968,0
240321MMTHD000111099,240321MMTHD000111099003,BNTA000055,B,N,TA,아이스티,1,4000,1,NULL,3,2,1,0,0,0,0,0,0,0,0,0,0,0,0,0,0,0,0,0,0,0,0,0,0,0,0,0,0,0,0,0,0,0,1,400,0,0,0,0,0,0,1710990143810,1710990178968,0
240321MMTHD000111101,240321MMTHD000111101001,BCEV000288,B,C,EV,"EVENT 꿀라떼",1,1000,1,NULL,2,2,1,0,0,0,0,0,0,0,0,0,0,0,0,0,0,0,0,0,0,0,0,0,0,0,0,0,0,0,0,0,0,0,0,0,0,0,0,0,0,0,1710990259407,1710990375075,0
240321MMTHD000111101,240321MMTHD000111101002,BCEV000288,B,C,EV,"EVENT 꿀라떼",1,1000,1,NULL,2,2,1,0,0,0,0,0,0,0,0,0,0,0,0,0,0,0,0,0,0,0,0,0,0,0,0,0,0,0,0,0,0,0,0,0,0,0,0,0,0,0,1710990259636,1710990375075,0
240321MMTHD000111101,240321MMTHD000111101003,BCEV000288,B,C,EV,"EVENT 꿀라떼",1,1000,1,NULL,2,2,1,0,0,0,0,0,0,0,0,0,0,0,0,0,0,0,0,0,0,0,0,0,0,0,0,0,0,0,0,0,0,0,0,0,0,0,0,0,0,0,1710990260019,1710990375075,0
240321MMTHD000111101,240321MMTHD000111101004,BCEV000288,B,C,EV,"EVENT 꿀라떼",1,1000,1,NULL,2,2,1,0,0,0,0,0,0,0,0,0,0,0,0,0,0,0,0,0,0,0,0,0,0,0,0,0,0,0,0,0,0,0,0,0,0,0,0,0,0,0,1710990260324,1710990375075,0
240321MMTHD000111101,240321MMTHD000111101005,BCEV000288,B,C,EV,"EVENT 꿀라떼",1,1000,1,NULL,2,2,1,0,0,0,0,0,0,0,0,0,0,0,0,0,0,0,0,0,0,0,0,0,0,0,0,0,0,0,0,0,0,0,0,0,0,0,0,0,0,0,1710990260660,1710990375075,0
240321MMTHD000111102,240321MMTHD000111102001,BNEV000289,B,N,EV,"EVENT 레몬밤민트티",1,2000,1,NULL,2,2,2,0,0,0,0,0,0,0,0,0,0,0,0,0,0,0,0,0,0,0,0,0,0,0,0,0,0,0,0,0,0,0,0,0,0,0,0,0,0,0,1710990261142,1710990345250,0
240321MMTHD000111104,240321MMTHD000111104001,BCEV000287,B,C,EV,"EVENT 아메리카노",1,1000,1,NULL,3,2,1,0,0,0,0,0,0,0,0,0,0,0,0,0,0,0,0,0,0,0,0,0,0,0,0,0,0,0,0,0,0,0,0,0,0,0,0,0,0,0,1710990377684,1710990437108,0
240321MMTHD000111104,240321MMTHD000111104002,BCEV000287,B,C,EV,"EVENT 아메리카노",1,1000,1,NULL,3,2,2,0,0,0,0,0,0,0,0,0,0,0,0,0,0,0,0,0,0,0,0,0,0,0,0,0,0,0,0,0,0,0,0,0,0,0,0,0,0,0,1710990432698,1710990437108,0
240321MMTHD000111105,240321MMTHD000111105001,BCEV000287,B,C,EV,"EVENT 아메리카노",1,1000,1,NULL,3,2,1,0,0,0,0,0,0,0,0,0,0,0,0,0,0,0,0,0,0,0,0,0,0,0,0,0,0,0,0,0,0,0,0,0,0,0,0,0,0,0,1710990720897,1710990813126,0
240321MMTHD000111105,240321MMTHD000111105002,BCEV000287,B,C,EV,"EVENT 아메리카노",1,1000,1,NULL,3,2,1,0,0,0,0,0,0,0,0,0,0,0,0,0,0,0,0,0,0,0,0,0,0,0,0,0,0,0,0,0,0,0,0,0,0,0,0,0,0,0,1710990721143,1710990813126,0
240321MMTHD000111105,240321MMTHD000111105003,BNEV000289,B,N,EV,"EVENT 레몬밤민트티",1,2000,1,NULL,2,2,1,0,0,0,0,0,0,0,0,0,0,0,0,0,0,0,0,0,0,0,0,0,0,0,0,0,0,0,0,0,0,0,0,0,0,0,0,0,0,0,1710990721526,1710990813126,0
240321MMTHD000111105,240321MMTHD000111105004,BNEV000289,B,N,EV,"EVENT 레몬밤민트티",1,2000,1,NULL,2,2,1,0,0,0,0,0,0,0,0,0,0,0,0,0,0,0,0,0,0,0,0,0,0,0,0,0,0,0,0,0,0,0,0,0,0,0,0,0,0,0,1710990721845,1710990813126,0
240321MMTHD000111105,240321MMTHD000111105005,BNEV000290,B,N,EV,"EVENT 매머드에이드",1,2000,1,NULL,3,2,1,0,0,0,0,0,0,0,0,0,0,0,0,0,0,0,0,0,0,0,0,0,0,0,0,0,0,0,0,0,0,0,0,0,0,0,0,0,0,0,1710990722116,1710990813126,0
240321MMTHD000111106,240321MMTHD000111106001,BCEV000287,B,C,EV,"EVENT 아메리카노",1,1000,1,NULL,3,2,1,0,0,0,0,0,0,0,0,0,0,0,0,0,0,0,0,0,0,0,0,0,0,0,0,0,0,0,0,0,0,0,0,0,0,0,0,0,0,0,1710990743552,1710990844829,0
240321MMTHD000111106,240321MMTHD000111106002,BCEV000287,B,C,EV,"EVENT 아메리카노",1,1000,1,NULL,3,2,1,0,0,0,0,0,0,0,0,0,0,0,0,0,0,0,0,0,0,0,0,0,0,0,0,0,0,0,0,0,0,0,0,0,0,0,0,0,0,0,1710990743908,1710990872777,0
240321MMTHD000111106,240321MMTHD000111106003,BCEV000287,B,C,EV,"EVENT 아메리카노",1,1000,1,NULL,3,2,1,0,0,0,0,0,0,0,0,0,0,0,0,0,0,0,0,0,0,0,0,0,0,0,0,0,0,0,0,0,0,0,0,0,0,0,0,0,0,0,1710990744261,1710990857142,0
240321MMTHD000111106,240321MMTHD000111106004,BCEV000287,B,C,EV,"EVENT 아메리카노",1,1000,1,NULL,3,2,1,0,0,0,0,0,0,0,0,0,0,0,0,0,0,0,0,0,0,0,0,0,0,0,0,0,0,0,0,0,0,0,0,0,0,0,0,0,0,0,1710990744552,1710990906462,0
240321MMTHD000111106,240321MMTHD000111106005,BNEV000289,B,N,EV,"EVENT 레몬밤민트티",1,2000,1,NULL,2,2,1,0,0,0,0,0,0,0,0,0,0,0,0,0,0,0,0,0,0,0,0,0,0,0,0,0,0,0,0,0,0,0,0,0,0,0,0,0,0,0,1710990744893,1710990892212,0
240321MMTHD000111106,240321MMTHD000111106006,BNEV000289,B,N,EV,"EVENT 레몬밤민트티",1,2000,1,NULL,2,2,1,0,0,0,0,0,0,0,0,0,0,0,0,0,0,0,0,0,0,0,0,0,0,0,0,0,0,0,0,0,0,0,0,0,0,0,0,0,0,0,1710990745223,1710990908450,0
240321MMTHD000111108,240321MMTHD000111108001,BCCF000023,B,C,CF,아메리카노,1,3000,1,NULL,3,2,1,0,0,0,0,0,0,0,0,0,0,0,0,0,0,0,0,0,0,0,0,0,0,0,0,0,0,0,0,0,0,0,0,0,0,0,0,0,0,0,1710991506005,1710991548914,0
240321MMTHD000111109,240321MMTHD000111109001,BNEV000289,B,N,EV,"EVENT 레몬밤민트티",1,2000,1,NULL,2,2,1,0,0,0,0,0,0,0,0,0,0,0,0,0,0,0,0,0,0,0,0,0,0,0,0,0,0,0,0,0,0,0,0,0,0,0,0,0,0,0,1710991506459,1710991558242,0
240321MMTHD000111109,240321MMTHD000111109002,BCEV000287,B,C,EV,"EVENT 아메리카노",1,1000,1,NULL,3,2,1,0,0,0,0,0,0,0,0,0,0,0,0,0,0,0,0,0,0,0,0,0,0,0,0,0,0,0,0,0,0,0,0,0,0,0,0,0,0,0,1710991506640,1710991558242,0
240321MMTHD000111110,240321MMTHD000111110001,BCEV000288,B,C,EV,"EVENT 꿀라떼",1,1000,1,NULL,2,2,2,0,0,0,0,0,0,0,0,0,0,0,0,0,0,0,0,0,0,0,0,0,0,0,0,0,0,0,0,0,0,0,0,0,0,0,0,0,0,0,1710991570174,1710991617759,0
240321MMTHD000111110,240321MMTHD000111110002,BCEV000287,B,C,EV,"EVENT 아메리카노",1,1000,1,NULL,3,2,1,0,0,0,0,0,0,0,0,0,0,0,0,0,0,0,0,0,0,0,0,0,0,0,0,0,0,0,0,0,0,0,0,0,0,0,0,0,0,0,1710991570365,1710991592351,0
240321MMTHD000111111,240321MMTHD000111111001,BCCF000002,B,C,CF,"꿀 커피",1,2300,1,NULL,2,2,1,0,0,0,0,0,0,0,0,0,0,0,0,0,0,0,0,0,0,0,0,0,0,0,0,0,0,0,0,0,0,0,0,0,0,0,0,0,0,0,1710991841808,1710991843451,0
240321MMTHD000111111,240321MMTHD000111111002,BCCF000020,B,C,CF,"바닐라 라떼",1,3100,1,NULL,2,2,2,0,0,0,0,1,0,0,0,0,0,0,0,0,0,0,0,0,0,0,0,0,0,0,0,0,0,0,0,0,0,0,0,0,0,0,0,0,0,0,1710991796923,1710991843451,0
240321MMTHD000111112,240321MMTHD000111112001,BNTA000059,B,N,TA,"자몽 티 / 에이드",1,3500,1,NULL,2,2,1,0,0,0,0,0,0,0,0,0,0,0,0,0,0,0,0,0,0,0,0,0,0,0,0,0,0,0,0,0,0,0,0,0,0,0,0,0,0,0,1710991893537,1710991898797,0
240321MMTHD000111112,240321MMTHD000111112002,BNTA000068,B,N,TA,"한라봉 티 / 에이드",1,3500,1,NULL,2,2,1,0,0,0,0,0,0,0,0,0,0,0,0,0,0,0,0,0,0,0,0,0,0,0,0,0,0,0,0,0,0,0,0,0,0,0,0,0,0,0,1710991897377,1710991898797,0
240321MMTHD000111113,240321MMTHD000111113001,BCEV000288,B,C,EV,"EVENT 꿀라떼",1,1000,1,NULL,2,2,2,0,0,0,0,0,0,0,0,0,0,0,0,0,0,0,0,0,0,0,0,0,0,0,0,0,0,0,0,0,0,0,0,0,0,0,0,0,0,0,1710991926038,1710991937079,0
240321MMTHD000111113,240321MMTHD000111113002,BCEV000287,B,C,EV,"EVENT 아메리카노",1,1000,1,NULL,3,2,1,0,0,0,0,0,0,0,0,0,0,0,0,0,0,0,0,0,0,0,0,0,0,0,0,0,0,0,0,0,0,0,0,0,0,0,0,0,0,0,1710991916263,1710991937079,0
240321MMTHD000111113,240321MMTHD000111113003,BCCF000027,B,C,CF,"카페 라떼",1,2700,1,NULL,2,2,1,0,0,0,0,1,0,0,0,0,0,0,0,0,0,0,0,0,0,0,0,0,0,0,0,0,0,0,0,0,0,0,0,0,0,0,0,0,0,0,1710991881384,1710991937079,0
240321MMTHD000111114,240321MMTHD000111114001,BCCF000023,B,C,CF,아메리카노,1,1600,1,NULL,2,2,1,0,0,0,0,0,0,0,0,0,0,0,0,0,0,0,0,0,0,0,0,0,0,0,0,0,0,0,0,0,0,0,0,0,0,0,0,0,0,0,1710991944240,1710991946043,0
240321MMTHD000111115,240321MMTHD000111115001,BCEV000287,B,C,EV,"EVENT 아메리카노",1,1000,1,NULL,3,2,2,0,0,0,0,0,0,0,0,0,0,0,0,0,0,0,0,0,0,0,0,0,0,0,0,0,0,0,0,0,0,0,0,0,0,0,0,0,0,0,1710992076226,1710992078723,0
240321MMTHD000111116,240321MMTHD000111116001,BCEV000288,B,C,EV,"EVENT 꿀라떼",1,1000,1,NULL,2,2,1,0,0,0,0,0,0,0,0,0,0,0,0,0,0,0,0,0,0,0,0,0,0,0,0,0,0,0,0,0,0,0,0,0,0,0,0,0,0,0,1710992167608,1710992170080,0
240321MMTHD000111116,240321MMTHD000111116002,BCEV000288,B,C,EV,"EVENT 꿀라떼",1,1000,1,NULL,2,2,1,0,0,0,0,0,0,0,0,0,0,0,0,0,0,0,0,0,0,0,0,0,0,0,0,0,0,0,0,0,0,0,0,0,0,0,0,0,0,0,1710992101297,1710992170080,0
240321MMTHD000111116,240321MMTHD000111116003,BNEV000290,B,N,EV,"EVENT 매머드에이드",1,2000,1,NULL,3,2,1,0,0,0,0,0,0,0,0,0,0,0,0,0,0,0,0,0,0,0,0,0,0,0,0,0,0,0,0,0,0,0,0,0,0,0,0,0,0,0,1710992131464,1710992170080,0
240321MMTHD000111118,240321MMTHD000111118001,BCEV000287,B,C,EV,"EVENT 아메리카노",1,1400,1,NULL,3,2,1,0,0,0,0,0,0,0,0,0,0,0,0,0,0,0,0,0,0,0,0,0,0,0,0,0,0,0,0,0,0,0,2,1600,0,0,0,0,0,0,1710992185738,1710992193274,0
240321MMTHD000111119,240321MMTHD000111119001,BCEV000287,B,C,EV,"EVENT 아메리카노",1,1000,1,NULL,3,2,1,0,0,0,0,0,0,0,0,0,0,0,0,0,0,0,0,0,0,0,0,0,0,0,0,0,0,0,0,0,0,0,0,0,0,0,0,0,0,0,1710992345339,1710992383080,0
240321MMTHD000111120,240321MMTHD000111120001,BCCF000027,B,C,CF,"카페 라떼",1,2200,1,NULL,1,2,1,0,0,0,0,1,0,0,0,0,0,0,0,0,0,0,0,0,0,0,0,0,0,0,0,0,0,0,0,0,0,0,0,0,0,0,0,0,0,0,1710992304713,1710992353286,0
240321MMTHD000111121,240321MMTHD000111121001,BCCF000002,B,C,CF,"꿀 커피",1,2300,1,NULL,2,2,1,0,0,0,0,0,0,0,0,0,0,0,0,0,0,0,0,0,0,0,0,0,0,0,0,0,0,0,0,0,0,0,1,400,0,0,0,0,0,0,1710992406917,1710992429075,0
240321MMTHD000111121,240321MMTHD000111121002,BCEV000287,B,C,EV,"EVENT 아메리카노",1,1000,1,NULL,3,2,1,0,0,0,0,0,0,0,0,0,0,0,0,0,0,0,0,0,0,0,0,0,0,0,0,0,0,0,0,0,0,0,1,400,0,0,0,0,0,0,1710992414974,1710992429075,0
240321MMTHD000111123,240321MMTHD000111123001,BCEV000287,B,C,EV,"EVENT 아메리카노",1,1000,1,NULL,3,2,2,0,0,0,0,0,0,0,0,0,0,0,0,0,0,0,0,0,0,0,0,0,0,0,0,0,0,0,0,0,0,0,0,0,0,0,0,0,0,0,1710992523072,1710992524072,0
240321MMTHD000111123,240321MMTHD000111123002,BCEV000287,B,C,EV,"EVENT 아메리카노",1,1000,1,NULL,3,2,2,0,0,0,0,0,0,0,0,0,0,0,0,0,0,0,0,0,0,0,0,0,0,0,0,0,0,0,0,0,0,0,0,0,0,0,0,0,0,0,1710992523072,1710992524072,0
240321MMTHD000111123,240321MMTHD000111123003,FDNW000240,F,D,NW,"근대골목 단팥빵",2,3000,1,NULL,0,0,0,0,0,0,0,0,0,0,0,0,0,0,0,0,0,0,0,0,0,0,0,0,0,0,0,0,0,0,0,0,0,0,0,0,0,0,0,0,0,0,1710992454268,1710992524072,0
240321MMTHD000111124,240321MMTHD000111124001,BCEV000288,B,C,EV,"EVENT 꿀라떼",1,1000,1,NULL,2,2,1,0,0,0,0,0,0,0,0,0,0,0,0,0,0,0,0,0,0,0,0,0,0,0,0,0,0,0,0,0,0,0,0,0,0,0,0,0,0,0,1710992563794,1710992567176,0
240321MMTHD000111124,240321MMTHD000111124002,BNEV000290,B,N,EV,"EVENT 매머드에이드",1,2000,1,NULL,3,2,1,0,0,0,0,0,0,0,0,0,0,0,0,0,0,0,0,0,0,0,0,0,0,0,0,0,0,0,0,0,0,0,0,0,0,0,0,0,0,0,1710992550415,1710992567176,0
240321MMTHD000111125,240321MMTHD000111125001,BCEV000287,B,C,EV,"EVENT 아메리카노",1,1000,1,NULL,3,2,1,0,0,0,0,0,0,0,0,0,0,0,0,0,0,0,0,0,0,0,0,0,0,0,0,0,0,0,0,0,0,0,0,0,0,0,0,0,0,0,1710992600264,1710992601264,0
240321MMTHD000111126,240321MMTHD000111126001,BNEV000290,B,N,EV,"EVENT 매머드에이드",1,2000,1,NULL,3,2,1,0,0,0,0,0,0,0,0,0,0,0,0,0,0,0,0,0,0,0,0,0,0,0,0,0,0,0,0,0,0,0,0,0,0,0,0,0,0,0,1710992498784,1710992587072,0
240321MMTHD000111127,240321MMTHD000111127001,BCEV000287,B,C,EV,"EVENT 아메리카노",1,1000,1,NULL,3,2,1,0,0,0,0,0,0,0,0,0,0,0,0,0,0,0,0,0,0,0,0,0,0,0,0,0,0,0,0,0,0,0,0,0,0,0,0,0,0,0,1710992628088,1710992629088,0
240321MMTHD000111127,240321MMTHD000111127002,BCEV000288,B,C,EV,"EVENT 꿀라떼",1,1000,1,NULL,2,2,1,0,0,0,0,0,0,0,0,0,0,0,0,0,0,0,0,0,0,0,0,0,0,0,0,0,0,0,0,0,0,0,0,0,0,0,0,0,0,0,1710992628088,1710992629088,0
240321MMTHD000111128,240321MMTHD000111128001,BCCB000037,B,C,CB,"디카페인 콜드브루 라떼",1,3000,1,NULL,1,2,1,0,0,0,0,4,0,0,0,0,0,0,0,0,0,0,0,0,0,0,0,0,0,0,0,0,0,0,0,0,0,0,0,0,0,0,0,0,0,0,1710992753001,1710992796966,0
240321MMTHD000111128,240321MMTHD000111128002,BCCB000041,B,C,CB,"콜드브루 라떼",1,2500,1,NULL,1,2,1,0,0,0,0,2,0,0,0,0,0,0,0,0,0,0,0,0,0,0,0,0,0,0,0,0,0,0,0,0,0,0,0,0,0,0,0,0,0,0,1710992795966,1710992796966,0
240321MMTHD000111129,240321MMTHD000111129001,BCEV000287,B,C,EV,"EVENT 아메리카노",1,1000,1,NULL,3,2,1,0,0,0,0,0,0,0,0,0,0,0,0,0,0,0,0,0,0,0,0,0,0,0,0,0,0,0,0,0,0,0,0,0,0,0,0,0,0,0,1710992894070,1710992896282,0
240321MMTHD000111129,240321MMTHD000111129002,BCEV000287,B,C,EV,"EVENT 아메리카노",1,1000,1,NULL,3,2,1,0,0,0,0,0,0,0,0,0,0,0,0,0,0,0,0,0,0,0,0,0,0,0,0,0,0,0,0,0,0,0,1,400,0,0,0,0,0,0,1710992894317,1710992895267,0
240321MMTHD000111129,240321MMTHD000111129003,BCEV000287,B,C,EV,"EVENT 아메리카노",1,1000,1,NULL,3,2,1,0,0,0,0,0,0,0,0,0,0,0,0,0,0,0,0,0,0,0,0,0,0,0,0,0,0,0,0,0,0,0,1,400,0,0,0,0,0,0,1710992894498,1710992895071,0
240321MMTHD000111129,240321MMTHD000111129004,BNEV000290,B,N,EV,"EVENT 매머드에이드",1,2000,1,NULL,3,2,1,0,0,0,0,0,0,0,0,0,0,0,0,0,0,0,0,0,0,0,0,0,0,0,0,0,0,0,0,0,0,0,0,0,0,0,0,0,0,0,1710992857101,1710992942147,0
240321MMTHD000111129,240321MMTHD000111129005,BCCF000020,B,C,CF,"바닐라 라떼",1,3100,1,NULL,2,2,2,0,0,0,0,3,0,0,0,0,0,0,0,0,0,0,0,0,0,0,0,0,0,0,0,0,0,0,0,0,0,0,0,0,0,0,0,0,0,0,1710992873067,1710992942147,0
240321MMTHD000111130,240321MMTHD000111130001,BCEV000287,B,C,EV,"EVENT 아메리카노",1,1000,1,NULL,3,2,2,0,0,0,0,0,0,0,0,0,0,0,0,0,0,0,0,0,0,0,0,0,0,0,0,0,0,0,0,0,0,0,0,0,0,0,0,0,0,0,1710992898529,1710993010229,0
240321MMTHD000111130,240321MMTHD000111130002,BCEV000287,B,C,EV,"EVENT 아메리카노",1,1000,1,NULL,3,2,2,0,0,0,0,0,0,0,0,0,0,0,0,0,0,0,0,0,0,0,0,0,0,0,0,0,0,0,0,0,0,0,0,0,0,0,0,0,0,0,1710992898340,1710993010229,0
240321MMTHD000111130,240321MMTHD000111130003,BCEV000287,B,C,EV,"EVENT 아메리카노",1,1000,1,NULL,3,2,2,0,0,0,0,0,0,0,0,0,0,0,0,0,0,0,0,0,0,0,0,0,0,0,0,0,0,0,0,0,0,0,0,0,0,0,0,0,0,0,1710992898102,1710993010229,0
240321MMTHD000111130,240321MMTHD000111130004,BCEV000287,B,C,EV,"EVENT 아메리카노",1,1000,1,NULL,3,2,2,0,0,0,0,0,0,0,0,0,0,0,0,0,0,0,0,0,0,0,0,0,0,0,0,0,0,0,0,0,0,0,0,0,0,0,0,0,0,0,1710992897811,1710993010229,0
240321MMTHD000111131,240321MMTHD000111131001,BCEV000287,B,C,EV,"EVENT 아메리카노",1,1000,1,NULL,3,2,2,0,0,0,0,0,0,0,0,0,0,0,0,0,0,0,0,0,0,0,0,0,0,0,0,0,0,0,0,0,0,0,0,0,0,0,0,0,0,0,1710992899925,1710993054732,0
240321MMTHD000111131,240321MMTHD000111131002,BCEV000287,B,C,EV,"EVENT 아메리카노",1,1000,1,NULL,3,2,2,0,0,0,0,0,0,0,0,0,0,0,0,0,0,0,0,0,0,0,0,0,0,0,0,0,0,0,0,0,0,0,0,0,0,0,0,0,0,0,1710992900338,1710993054732,0
240321MMTHD000111131,240321MMTHD000111131003,BCEV000288,B,C,EV,"EVENT 꿀라떼",1,1000,1,NULL,2,2,2,0,0,0,0,0,0,0,0,0,0,0,0,0,0,0,0,0,0,0,0,0,0,0,0,0,0,0,0,0,0,0,0,0,0,0,0,0,0,0,1710992899196,1710993054732,0
240321MMTHD000111132,240321MMTHD000111132001,BNLT000045,B,N,LT,"로얄 밀크티",1,3500,1,NULL,2,2,1,0,0,0,0,2,0,0,0,0,0,0,0,0,0,0,0,0,0,0,0,0,0,0,0,0,0,0,0,0,0,0,0,0,0,0,0,0,0,0,1710993115410,1710993116410,0
240321MMTHD000111133,240321MMTHD000111133001,BCEV000287,B,C,EV,"EVENT 아메리카노",1,1000,1,NULL,3,3,2,0,0,0,0,0,0,0,0,0,0,0,0,0,0,0,0,0,0,0,0,0,0,0,0,0,0,0,0,0,0,0,0,0,0,0,0,0,0,0,1710993170809,1710993171809,0
240321MMTHD000111134,240321MMTHD000111134001,BCEV000287,B,C,EV,"EVENT 아메리카노",1,1000,1,NULL,3,2,2,0,0,0,0,0,0,0,0,0,0,0,0,0,0,0,0,0,0,0,0,0,0,0,0,0,0,0,0,0,0,0,0,0,0,0,0,0,0,0,1710993239103,1710993295686,0
240321MMTHD000111134,240321MMTHD000111134002,BCEV000287,B,C,EV,"EVENT 아메리카노",1,1000,1,NULL,3,2,2,0,0,0,0,0,0,0,0,0,0,0,0,0,0,0,0,0,0,0,0,0,0,0,0,0,0,0,0,0,0,0,0,0,0,0,0,0,0,0,1710993294686,1710993295686,0
240321MMTHD000111134,240321MMTHD000111134003,BCEV000287,B,C,EV,"EVENT 아메리카노",1,1000,1,NULL,3,2,2,0,0,0,0,0,0,0,0,0,0,0,0,0,0,0,0,0,0,0,0,0,0,0,0,0,0,0,0,0,0,0,0,0,0,0,0,0,0,0,1710993228134,1710993295686,0
240321MMTHD000111134,240321MMTHD000111134004,BCEV000287,B,C,EV,"EVENT 아메리카노",1,1000,1,NULL,3,2,2,0,0,0,0,0,0,0,0,0,0,0,0,0,0,0,0,0,0,0,0,0,0,0,0,0,0,0,0,0,0,0,0,0,0,0,0,0,0,0,1710993294686,1710993295686,0
240321MMTHD000111134,240321MMTHD000111134005,BNEV000290,B,N,EV,"EVENT 매머드에이드",1,2000,1,NULL,3,2,1,0,0,0,0,0,0,0,0,0,0,0,0,0,0,0,0,0,0,0,0,0,0,0,0,0,0,0,0,0,0,0,0,0,0,0,0,0,0,0,1710993294686,1710993295686,0
240321MMTHD000111135,240321MMTHD000111135001,BCEV000288,B,C,EV,"EVENT 꿀라떼",1,1000,1,NULL,2,2,2,0,0,0,0,0,0,0,0,0,0,0,0,0,0,0,0,0,0,0,0,0,0,0,0,0,0,0,0,0,0,0,0,0,0,0,0,0,0,0,1710993265671,1710993380257,0
240321MMTHD000111135,240321MMTHD000111135002,BNEV000290,B,N,EV,"EVENT 매머드에이드",1,2000,1,NULL,3,2,1,0,0,0,0,0,0,0,0,0,0,0,0,0,0,0,0,0,0,0,0,0,0,0,0,0,0,0,0,0,0,0,0,0,0,0,0,0,0,0,1710993265853,1710993380257,0
240321MMTHD000111136,240321MMTHD000111136001,BNEV000290,B,N,EV,"EVENT 매머드에이드",1,2000,1,NULL,3,2,1,0,0,0,0,0,0,0,0,0,0,0,0,0,0,0,0,0,0,0,0,0,0,0,0,0,0,0,0,0,0,0,0,0,0,0,0,0,0,0,1710993305576,1710993398739,0
240321MMTHD000111136,240321MMTHD000111136002,BCEV000287,B,C,EV,"EVENT 아메리카노",1,1000,1,NULL,3,2,1,0,0,0,0,0,0,0,0,0,0,0,0,0,0,0,0,0,0,0,0,0,0,0,0,0,0,0,0,0,0,0,0,0,0,0,0,0,0,0,1710993306650,1710993398739,0
240321MMTHD000111138,240321MMTHD000111138001,BNEV000289,B,N,EV,"EVENT 레몬밤민트티",1,2000,1,NULL,2,2,1,0,0,0,0,0,0,0,0,0,0,0,0,0,0,0,0,0,0,0,0,0,0,0,0,0,0,0,0,0,0,0,0,0,0,0,0,0,0,0,1710993346036,1710993453390,0
240321MMTHD000111139,240321MMTHD000111139001,BCCF000024,B,C,CF,"아몬드 라떼",1,3100,1,NULL,2,2,1,0,0,0,0,1,0,0,0,0,0,0,0,0,0,0,0,0,0,0,0,0,0,0,0,0,0,0,0,0,0,0,0,0,0,0,0,0,0,0,1710993397166,1710993499627,0
240321MMTHD000111139,240321MMTHD000111139002,BCEV000287,B,C,EV,"EVENT 아메리카노",1,1000,1,NULL,3,2,1,0,0,0,0,0,0,0,0,0,0,0,0,0,0,0,0,0,0,0,0,0,0,0,0,0,0,0,0,0,0,0,0,0,0,0,0,0,0,0,1710993397435,1710993499627,0
240321MMTHD000111139,240321MMTHD000111139003,BCCF000003,B,C,CF,"녹차 샷 라떼",1,3700,1,NULL,2,2,1,0,0,0,0,1,0,0,0,0,0,0,0,0,0,0,0,0,0,0,0,0,0,0,0,0,0,0,0,0,0,0,0,0,0,0,0,0,0,0,1710993397690,1710993499627,0
240321MMTHD000111140,240321MMTHD000111140001,BCEV000287,B,C,EV,"EVENT 아메리카노",1,1000,1,NULL,3,2,1,0,0,0,0,0,0,0,0,0,0,0,0,0,0,0,0,0,0,0,0,0,0,0,0,0,0,0,0,0,0,0,0,0,0,0,0,0,0,0,1710993450575,1710993550413,0
240321MMTHD000111140,240321MMTHD000111140002,BCEV000287,B,C,EV,"EVENT 아메리카노",1,1000,1,NULL,3,2,1,0,0,0,0,0,0,0,0,0,0,0,0,0,0,0,0,0,0,0,0,0,0,0,0,0,0,0,0,0,0,0,0,0,0,0,0,0,0,0,1710993452177,1710993550413,0
240321MMTHD000111141,240321MMTHD000111141001,BCEV000288,B,C,EV,"EVENT 꿀라떼",1,1000,1,NULL,2,2,2,0,0,0,0,0,0,0,0,0,0,0,0,0,0,0,0,0,0,0,0,0,0,0,0,0,0,0,0,0,0,0,0,0,0,0,0,0,0,0,1710993567534,1710993568534,0
240321MMTHD000111141,240321MMTHD000111141002,BNEV000290,B,N,EV,"EVENT 매머드에이드",1,2000,1,NULL,3,2,1,0,0,0,0,0,0,0,0,0,0,0,0,0,0,0,0,0,0,0,0,0,0,0,0,0,0,0,0,0,0,0,0,0,0,0,0,0,0,0,1710993567534,1710993568534,0
240321MMTHD000111141,240321MMTHD000111141003,FDDS000095,F,D,DS,"매머드 마카다미아 쿠키",2,2500,1,NULL,0,0,0,0,0,0,0,0,0,0,0,0,0,0,0,0,0,0,0,0,0,0,0,0,0,0,0,0,0,0,0,0,0,0,0,0,0,0,0,0,0,0,1710993567534,1710993568534,0
240321MMTHD000111142,240321MMTHD000111142001,BCEV000288,B,C,EV,"EVENT 꿀라떼",1,1000,1,NULL,2,2,1,0,0,0,0,0,0,0,0,0,0,0,0,0,0,0,0,0,0,0,0,0,0,0,0,0,0,0,0,0,0,0,0,0,0,0,0,0,0,0,1710993627049,1710993628049,0
240321MMTHD000111142,240321MMTHD000111142002,BCEV000288,B,C,EV,"EVENT 꿀라떼",1,1000,1,NULL,2,2,1,0,0,0,0,0,0,0,0,0,0,0,0,0,0,0,0,0,0,0,0,0,0,0,0,0,0,0,0,0,0,0,0,0,0,0,0,0,0,0,1710993627049,1710993628049,0
240321MMTHD000111143,240321MMTHD000111143001,BCCF000003,B,C,CF,"녹차 샷 라떼",1,3700,1,NULL,2,2,2,0,0,0,0,1,0,0,0,0,0,0,0,0,0,0,0,0,0,0,0,0,0,0,0,0,0,0,0,0,0,0,0,0,0,0,0,0,0,0,1710993671063,1710993672063,0
240321MMTHD000111144,240321MMTHD000111144001,BCEV000288,B,C,EV,"EVENT 꿀라떼",1,1000,1,NULL,2,2,1,0,0,0,0,0,0,0,0,0,0,0,0,0,0,0,0,0,0,0,0,0,0,0,0,0,0,0,0,0,0,0,0,0,0,0,0,0,0,0,1710993735238,1710993740661,0
240321MMTHD000111144,240321MMTHD000111144002,BCEV000288,B,C,EV,"EVENT 꿀라떼",1,1000,1,NULL,2,2,1,0,0,0,0,0,0,0,0,0,0,0,0,0,0,0,0,0,0,0,0,0,0,0,0,0,0,0,0,0,0,0,0,0,0,0,0,0,0,0,1710993735484,1710993740661,0
240321MMTHD000111144,240321MMTHD000111144003,BCEV000288,B,C,EV,"EVENT 꿀라떼",1,1000,1,NULL,2,2,2,0,0,0,0,0,0,0,0,0,0,0,0,0,0,0,0,0,0,0,0,0,0,0,0,0,0,0,0,0,0,0,0,0,0,0,0,0,0,0,1710993735703,1710993740661,0
240321MMTHD000111145,240321MMTHD000111145001,BCEV000288,B,C,EV,"EVENT 꿀라떼",1,1000,1,NULL,2,2,1,0,0,0,0,0,0,0,0,0,0,0,0,0,0,0,0,0,0,0,0,0,0,0,0,0,0,0,0,0,0,0,0,0,0,0,0,0,0,0,1710993736230,1710993818038,0
240321MMTHD000111145,240321MMTHD000111145002,BNEV000290,B,N,EV,"EVENT 매머드에이드",1,2000,1,NULL,3,2,1,0,0,0,0,0,0,0,0,0,0,0,0,0,0,0,0,0,0,0,0,0,0,0,0,0,0,0,0,0,0,0,0,0,0,0,0,0,0,0,1710993736713,1710993818038,0
240321MMTHD000111145,240321MMTHD000111145003,BCEV000287,B,C,EV,"EVENT 아메리카노",1,1000,1,NULL,3,2,1,0,0,0,0,0,0,0,0,0,0,0,0,0,0,0,0,0,0,0,0,0,0,0,0,0,0,0,0,0,0,0,0,0,0,0,0,0,0,0,1710993736995,1710993818038,0
240321MMTHD000111145,240321MMTHD000111145004,BCEV000287,B,C,EV,"EVENT 아메리카노",1,1000,1,NULL,3,2,2,0,0,0,0,0,0,0,0,0,0,0,0,0,0,0,0,0,0,0,0,0,0,0,0,0,0,0,0,0,0,0,0,0,0,0,0,0,0,0,1710993737295,1710993818038,0
240321MMTHD000111145,240321MMTHD000111145005,BNEV000289,B,N,EV,"EVENT 레몬밤민트티",1,2000,1,NULL,2,2,2,0,0,0,0,0,0,0,0,0,0,0,0,0,0,0,0,0,0,0,0,0,0,0,0,0,0,0,0,0,0,0,0,0,0,0,0,0,0,0,1710993737562,1710993818038,0
240321MMTHD000111146,240321MMTHD000111146001,BCEV000287,B,C,EV,"EVENT 아메리카노",1,1000,1,NULL,3,2,1,0,0,0,0,0,0,0,0,0,0,0,0,0,0,0,0,0,0,0,0,0,0,0,0,0,0,0,0,0,0,0,0,0,0,0,0,0,0,0,1710993738597,1710993854186,0
240321MMTHD000111147,240321MMTHD000111147001,BCEV000288,B,C,EV,"EVENT 꿀라떼",1,1000,1,NULL,2,2,1,0,0,0,0,0,0,0,0,0,0,0,0,0,0,0,0,0,0,0,0,0,0,0,0,0,0,0,0,0,0,0,0,0,0,0,0,0,0,0,1710993731507,1710993918380,0
240321MMTHD000111148,240321MMTHD000111148001,BCEV000288,B,C,EV,"EVENT 꿀라떼",1,1000,1,NULL,2,2,1,0,0,0,0,0,0,0,0,0,0,0,0,0,0,0,0,0,0,0,0,0,0,0,0,0,0,0,0,0,0,0,0,0,0,0,0,0,0,0,1710993792730,1710993922156,0
240321MMTHD000111149,240321MMTHD000111149001,BCEV000288,B,C,EV,"EVENT 꿀라떼",1,1000,1,NULL,2,2,2,0,0,0,0,0,0,0,0,0,0,0,0,0,0,0,0,0,0,0,0,0,0,0,0,0,0,0,0,0,0,0,0,0,0,0,0,0,0,0,1710993793258,1710993947444,0
240321MMTHD000111150,240321MMTHD000111150001,BCEV000287,B,C,EV,"EVENT 아메리카노",1,1000,1,NULL,3,2,1,0,0,0,0,0,0,0,0,0,0,0,0,0,0,0,0,0,0,0,0,0,0,0,0,0,0,0,0,0,0,0,0,0,0,0,0,0,0,0,1710993941171,1710993996177,0
240321MMTHD000111151,240321MMTHD000111151001,BCEV000287,B,C,EV,"EVENT 아메리카노",1,1000,1,NULL,3,2,1,0,0,0,0,0,0,0,0,0,0,0,0,0,0,0,0,0,0,0,0,0,0,0,0,0,0,0,0,0,0,0,1,400,0,0,0,0,0,0,1710993941724,1710994062855,0
240321MMTHD000111152,240321MMTHD000111152001,BNEV000290,B,N,EV,"EVENT 매머드에이드",1,2000,1,NULL,3,2,1,0,0,0,0,0,0,0,0,0,0,0,0,0,0,0,0,0,0,0,0,0,0,0,0,0,0,0,0,0,0,0,0,0,0,0,0,0,0,0,1710993938768,1710993964434,0
240321MMTHD000111153,240321MMTHD000111153001,BCEV000287,B,C,EV,"EVENT 아메리카노",1,1000,1,NULL,3,2,1,0,0,0,0,0,0,0,0,0,0,0,0,0,0,0,0,0,0,0,0,0,0,0,0,0,0,0,0,0,0,0,1,400,0,0,0,0,0,0,1710993939332,1710994065747,0
240321MMTHD000111154,240321MMTHD000111154001,BCEV000288,B,C,EV,"EVENT 꿀라떼",1,1000,1,NULL,2,2,2,0,0,0,0,0,0,0,0,0,0,0,0,0,0,0,0,0,0,0,0,0,0,0,0,0,0,0,0,0,0,0,0,0,0,0,0,0,0,0,1710994026273,1710994174397,0
240321MMTHD000111154,240321MMTHD000111154002,BCEV000288,B,C,EV,"EVENT 꿀라떼",1,1000,1,NULL,2,2,1,0,0,0,0,0,0,0,0,0,0,0,0,0,0,0,0,0,0,0,0,0,0,0,0,0,0,0,0,0,0,0,0,0,0,0,0,0,0,0,1710994026610,1710994174397,0
240321MMTHD000111154,240321MMTHD000111154003,BNEV000289,B,N,EV,"EVENT 레몬밤민트티",1,2000,1,NULL,2,2,1,0,0,0,0,0,0,0,0,0,0,0,0,0,0,0,0,0,0,0,0,0,0,0,0,0,0,0,0,0,0,0,0,0,0,0,0,0,0,0,1710994027020,1710994174397,0
240321MMTHD000111155,240321MMTHD000111155001,BCCF000020,B,C,CF,"바닐라 라떼",1,3100,1,NULL,2,2,2,0,0,0,0,1,0,0,0,0,0,0,0,0,0,0,0,0,0,0,0,0,0,0,0,0,0,0,0,0,0,0,0,0,0,0,0,0,0,0,1710994028731,1710994222383,0
240321MMTHD000111155,240321MMTHD000111155002,BNFB000083,B,N,FB,"피스타치오 아몬드 프라페",1,4500,1,NULL,2,2,1,0,0,2,0,4,0,0,0,0,0,0,0,0,0,0,0,0,0,0,0,0,0,0,0,0,0,0,0,0,0,0,0,0,0,0,0,0,0,0,1710994029189,1710994222383,0
240321MMTHD000111156,240321MMTHD000111156001,BCEV000287,B,C,EV,"EVENT 아메리카노",1,1000,1,NULL,3,2,1,0,0,0,0,0,0,0,0,0,0,0,0,0,0,0,0,0,0,0,0,0,0,0,0,0,0,0,0,0,0,0,0,0,0,0,0,0,0,0,1710994389861,1710994390861,0
240321MMTHD000111156,240321MMTHD000111156002,BCEV000287,B,C,EV,"EVENT 아메리카노",1,1000,1,NULL,3,2,1,0,0,0,0,0,0,0,0,0,0,0,0,0,0,0,0,0,0,0,0,0,0,0,0,0,0,0,0,0,0,0,0,0,0,0,0,0,0,0,1710994389861,1710994390861,0
240321MMTHD000111156,240321MMTHD000111156003,BNEV000289,B,N,EV,"EVENT 레몬밤민트티",1,2000,1,NULL,2,2,1,0,0,0,0,0,0,0,0,0,0,0,0,0,0,0,0,0,0,0,0,0,0,0,0,0,0,0,0,0,0,0,0,0,0,0,0,0,0,0,1710994389861,1710994390861,0
240321MMTHD000111156,240321MMTHD000111156004,BNEV000290,B,N,EV,"EVENT 매머드에이드",1,2000,1,NULL,3,2,1,0,0,0,0,0,0,0,0,0,0,0,0,0,0,0,0,0,0,0,0,0,0,0,0,0,0,0,0,0,0,0,0,0,0,0,0,0,0,0,1710994389861,1710994390861,0
240321MMTHD000111156,240321MMTHD000111156005,BNFB000243,B,N,FB,"커스터드 푸딩 쉐이크",1,5300,1,NULL,2,2,1,0,0,0,0,1,0,0,0,0,0,0,0,0,0,0,0,0,0,0,0,0,0,0,0,0,0,0,0,0,0,0,0,0,0,0,0,0,0,0,1710994389861,1710994390861,0
240321MMTHD000111156,240321MMTHD000111156006,FDDS000107,F,D,DS,"바닐라 비스킷 슈",2,1900,1,NULL,0,0,0,0,0,0,0,0,0,0,0,0,0,0,0,0,0,0,0,0,0,0,0,0,0,0,0,0,0,0,0,0,0,0,0,0,0,0,0,0,0,0,1710994389861,1710994390861,0
240321MMTHD000111156,240321MMTHD000111156007,FDDS000111,F,D,DS,"브라우니 쿠키",2,1500,1,NULL,0,0,0,0,0,0,0,0,0,0,0,0,0,0,0,0,0,0,0,0,0,0,0,0,0,0,0,0,0,0,0,0,0,0,0,0,0,0,0,0,0,0,1710994389861,1710994390861,0
240321MMTHD000111156,240321MMTHD000111156008,FDDS000111,F,D,DS,"브라우니 쿠키",2,1500,1,NULL,0,0,0,0,0,0,0,0,0,0,0,0,0,0,0,0,0,0,0,0,0,0,0,0,0,0,0,0,0,0,0,0,0,0,0,0,0,0,0,0,0,0,1710994389861,1710994390861,0
240321MMTHD000111156,240321MMTHD000111156009,FDDS000105,F,D,DS,"바나나 쿠키",2,1500,1,NULL,0,0,0,0,0,0,0,0,0,0,0,0,0,0,0,0,0,0,0,0,0,0,0,0,0,0,0,0,0,0,0,0,0,0,0,0,0,0,0,0,0,0,1710994389861,1710994390861,0
240321MMTHD000111156,240321MMTHD000111156010,FDDS000105,F,D,DS,"바나나 쿠키",2,1500,1,NULL,0,0,0,0,0,0,0,0,0,0,0,0,0,0,0,0,0,0,0,0,0,0,0,0,0,0,0,0,0,0,0,0,0,0,0,0,0,0,0,0,0,0,1710994389861,1710994390861,0
240321MMTHD000111157,240321MMTHD000111157001,BCCF000020,B,C,CF,"바닐라 라떼",1,3100,1,NULL,2,2,1,0,0,0,0,1,0,0,0,0,0,0,0,0,0,0,0,0,0,0,0,0,0,0,0,0,0,0,0,0,0,0,1,400,0,0,0,0,0,0,1710994316370,1710994317370,0
240321MMTHD000111158,240321MMTHD000111158001,BCEV000287,B,C,EV,"EVENT 아메리카노",1,1000,1,NULL,3,2,1,0,0,0,0,0,0,0,0,0,0,0,0,0,0,0,0,0,0,0,0,0,0,0,0,0,0,0,0,0,0,0,0,0,0,0,0,0,0,0,1710994447873,1710994448873,0
240321MMTHD000111158,240321MMTHD000111158002,BCEV000287,B,C,EV,"EVENT 아메리카노",1,1000,1,NULL,3,2,1,0,0,0,0,0,0,0,0,0,0,0,0,0,0,0,0,0,0,0,0,0,0,0,0,0,0,0,0,0,0,0,0,0,0,0,0,0,0,0,1710994447873,1710994448873,0
240321MMTHD000111158,240321MMTHD000111158003,BCEV000287,B,C,EV,"EVENT 아메리카노",1,1000,1,NULL,3,2,1,0,0,0,0,0,0,0,0,0,0,0,0,0,0,0,0,0,0,0,0,0,0,0,0,0,0,0,0,0,0,0,0,0,0,0,0,0,0,0,1710994447873,1710994448873,0
240321MMTHD000111158,240321MMTHD000111158004,BCEV000287,B,C,EV,"EVENT 아메리카노",1,1000,1,NULL,3,2,1,0,0,0,0,0,0,0,0,0,0,0,0,0,0,0,0,0,0,0,0,0,0,0,0,0,0,0,0,0,0,0,0,0,0,0,0,0,0,0,1710994447873,1710994448873,0
240321MMTHD000111158,240321MMTHD000111158005,BCEV000287,B,C,EV,"EVENT 아메리카노",1,1000,1,NULL,3,2,1,0,0,0,0,0,0,0,0,0,0,0,0,0,0,0,0,0,0,0,0,0,0,0,0,0,0,0,0,0,0,0,0,0,0,0,0,0,0,0,1710994447873,1710994448873,0
240321MMTHD000111158,240321MMTHD000111158006,BCEV000287,B,C,EV,"EVENT 아메리카노",1,1000,1,NULL,3,2,1,0,0,0,0,0,0,0,0,0,0,0,0,0,0,0,0,0,0,0,0,0,0,0,0,0,0,0,0,0,0,0,0,0,0,0,0,0,0,0,1710994447873,1710994448873,0
240321MMTHD000111159,240321MMTHD000111159001,BCEV000288,B,C,EV,"EVENT 꿀라떼",1,1000,1,NULL,2,2,2,0,0,0,0,0,0,0,0,0,0,0,0,0,0,0,0,0,0,0,0,0,0,0,0,0,0,0,0,0,0,0,0,0,0,0,0,0,0,0,1710994565255,1710994566255,0
240321MMTHD000111159,240321MMTHD000111159002,BCEV000288,B,C,EV,"EVENT 꿀라떼",1,1000,1,NULL,2,2,1,0,0,0,0,0,0,0,0,0,0,0,0,0,0,0,0,0,0,0,0,0,0,0,0,0,0,0,0,0,0,0,0,0,0,0,0,0,0,0,1710994565255,1710994566255,0
240321MMTHD000111159,240321MMTHD000111159003,BCEV000288,B,C,EV,"EVENT 꿀라떼",1,1000,1,NULL,2,2,1,0,0,0,0,0,0,0,0,0,0,0,0,0,0,0,0,0,0,0,0,0,0,0,0,0,0,0,0,0,0,0,0,0,0,0,0,0,0,0,1710994565255,1710994566255,0
240321MMTHD000111161,240321MMTHD000111161001,BCCF000002,B,C,CF,"꿀 커피",1,2300,1,NULL,2,2,1,0,0,0,0,0,0,0,0,0,0,0,0,0,0,0,0,0,0,0,0,0,0,0,0,0,0,0,0,0,0,0,0,0,0,0,0,0,0,0,1710994623350,1710994624350,0
240321MMTHD000111161,240321MMTHD000111161002,BNEV000289,B,N,EV,"EVENT 레몬밤민트티",1,2000,1,NULL,2,2,2,0,0,0,0,0,0,0,0,0,0,0,0,0,0,0,0,0,0,0,0,0,0,0,0,0,0,0,0,0,0,0,0,0,0,0,0,0,0,0,1710994623350,1710994624350,0
240321MMTHD000111161,240321MMTHD000111161003,BNEV000290,B,N,EV,"EVENT 매머드에이드",1,2000,1,NULL,3,2,1,0,0,0,0,0,0,0,0,0,0,0,0,0,0,0,0,0,0,0,0,0,0,0,0,0,0,0,0,0,0,0,0,0,0,0,0,0,0,0,1710994623350,1710994624350,0
240321MMTHD000111162,240321MMTHD000111162001,BCCF000005,B,C,CF,"디카페인 꿀 커피",1,3000,1,NULL,2,2,1,0,0,0,0,0,0,0,0,0,0,0,0,0,0,0,0,0,0,0,0,0,0,0,0,0,0,0,0,0,0,0,0,0,0,0,0,0,0,0,1710994526556,1710994676700,0
240321MMTHD000111162,240321MMTHD000111162002,BCEV000287,B,C,EV,"EVENT 아메리카노",1,1000,1,NULL,3,2,1,0,0,0,0,0,0,0,0,0,0,0,0,0,0,0,0,0,0,0,0,0,0,0,0,0,0,0,0,0,0,0,0,0,0,0,0,0,0,0,1710994526776,1710994676700,0
240321MMTHD000111163,240321MMTHD000111163001,BCEV000288,B,C,EV,"EVENT 꿀라떼",1,1000,1,NULL,2,2,1,0,0,0,0,0,0,0,0,0,0,0,0,0,0,0,0,0,0,0,0,0,0,0,0,0,0,0,0,0,0,0,0,0,0,0,0,0,0,0,1710994635533,1710994747172,0
240321MMTHD000111163,240321MMTHD000111163002,BCEV000288,B,C,EV,"EVENT 꿀라떼",1,1000,1,NULL,2,2,1,0,0,0,0,0,0,0,0,0,0,0,0,0,0,0,0,0,0,0,0,0,0,0,0,0,0,0,0,0,0,0,0,0,0,0,0,0,0,0,1710994635668,1710994747172,0
240321MMTHD000111164,240321MMTHD000111164001,BCCF000023,B,C,CF,아메리카노,1,1600,1,NULL,2,2,1,0,0,0,0,0,0,0,0,0,0,0,0,0,0,0,0,0,0,0,0,0,0,0,0,0,0,0,0,0,0,0,0,0,0,0,0,0,0,0,1710994802838,1710994803838,0
240321MMTHD000111164,240321MMTHD000111164002,BCCF000023,B,C,CF,아메리카노,1,1600,1,NULL,2,2,1,0,0,0,0,0,0,0,0,0,0,0,0,0,0,0,0,0,0,0,0,0,0,0,0,0,0,0,0,0,0,0,0,0,0,0,0,0,0,0,1710994802838,1710994803838,0
240321MMTHD000111165,240321MMTHD000111165001,BCEV000287,B,C,EV,"EVENT 아메리카노",1,1000,1,NULL,3,2,1,0,0,0,0,0,0,0,0,0,0,0,0,0,0,0,0,0,0,0,0,0,0,0,0,0,0,0,0,0,0,0,0,0,0,0,0,0,0,0,1710994853438,1710994854438,0
240321MMTHD000111166,240321MMTHD000111166001,BCEV000287,B,C,EV,"EVENT 아메리카노",1,1000,1,NULL,3,2,1,0,0,0,0,0,0,0,0,0,0,0,0,0,0,0,0,0,0,0,0,0,0,0,0,0,0,0,0,0,0,0,0,0,0,0,0,0,0,0,1710994709611,1710994908600,0
240321MMTHD000111166,240321MMTHD000111166002,BCEV000287,B,C,EV,"EVENT 아메리카노",1,1000,1,NULL,3,2,1,0,0,0,0,0,0,0,0,0,0,0,0,0,0,0,0,0,0,0,0,0,0,0,0,0,0,0,0,0,0,0,0,0,0,0,0,0,0,0,1710994709811,1710994908600,0
240321MMTHD000111167,240321MMTHD000111167001,BCEV000287,B,C,EV,"EVENT 아메리카노",1,1000,1,NULL,3,2,1,0,0,0,0,0,0,0,0,0,0,0,0,0,0,0,0,0,0,0,0,0,0,0,0,0,0,0,0,0,0,0,0,0,0,0,0,0,0,0,1710994957396,1710994958396,0
240321MMTHD000111167,240321MMTHD000111167002,BCCF000027,B,C,CF,"카페 라떼",1,2700,1,NULL,2,2,1,0,0,0,0,1,0,0,0,0,0,0,0,0,0,0,0,0,0,0,0,0,0,0,0,0,0,0,0,0,0,0,0,0,0,0,0,0,0,0,1710994957396,1710994958396,0
240321MMTHD000111167,240321MMTHD000111167003,BNFB000077,B,N,FB,"오레오 초코 프라페",1,4500,1,NULL,2,2,1,0,0,1,0,1,0,0,0,0,0,0,0,0,0,0,0,0,0,0,0,0,0,0,0,0,0,0,0,0,0,0,0,0,0,0,0,0,0,0,1710994957396,1710994958396,0
240321MMTHD000111168,240321MMTHD000111168001,BCCF000013,B,C,CF,"디카페인 아인슈페너 라떼",1,4200,1,NULL,1,2,1,0,0,0,0,0,0,0,0,0,0,0,0,0,0,0,0,0,0,0,0,0,0,0,0,0,0,0,0,0,0,0,0,0,0,0,0,0,0,0,1710995084294,1710995085294,0
240321MMTHD000111171,240321MMTHD000111171001,BCEV000288,B,C,EV,"EVENT 꿀라떼",1,1000,1,NULL,2,2,1,0,0,0,0,0,0,0,0,0,0,0,0,0,0,0,0,0,0,0,0,0,0,0,0,0,0,0,0,0,0,0,0,0,0,0,0,0,0,0,1710995070302,1710995071302,0
240321MMTHD000111171,240321MMTHD000111171002,BCEV000288,B,C,EV,"EVENT 꿀라떼",1,1000,1,NULL,2,2,1,0,0,0,0,0,0,0,0,0,0,0,0,0,0,0,0,0,0,0,0,0,0,0,0,0,0,0,0,0,0,0,0,0,0,0,0,0,0,0,1710995070302,1710995071302,0
240321MMTHD000111171,240321MMTHD000111171003,BCEV000287,B,C,EV,"EVENT 아메리카노",1,1000,1,NULL,3,2,1,0,0,0,0,0,0,0,0,0,0,0,0,0,0,0,0,0,0,0,0,0,0,0,0,0,0,0,0,0,0,0,0,0,0,0,0,0,0,0,1710995070302,1710995071302,0
240321MMTHD000111172,240321MMTHD000111172001,BNEV000290,B,N,EV,"EVENT 매머드에이드",1,2000,1,NULL,3,2,1,0,0,0,0,0,0,0,0,0,0,0,0,0,0,0,0,0,0,0,0,0,0,0,0,0,0,0,0,0,0,0,0,0,0,0,0,0,0,0,1710995117311,1710995118311,0
240321MMTHD000111172,240321MMTHD000111172002,BCEV000287,B,C,EV,"EVENT 아메리카노",1,1000,1,NULL,3,2,1,0,0,0,0,0,0,0,0,0,0,0,0,0,0,0,0,0,0,0,0,0,0,0,0,0,0,0,0,0,0,0,0,0,0,0,0,0,0,0,1710995117311,1710995118311,0
240321MMTHD000111172,240321MMTHD000111172003,BCEV000288,B,C,EV,"EVENT 꿀라떼",1,1000,1,NULL,2,2,1,0,0,0,0,0,0,0,0,0,0,0,0,0,0,0,0,0,0,0,0,0,0,0,0,0,0,0,0,0,0,0,0,0,0,0,0,0,0,0,1710995117311,1710995118311,0
240321MMTHD000111174,240321MMTHD000111174001,BCEV000288,B,C,EV,"EVENT 꿀라떼",1,1000,1,NULL,2,2,2,0,0,0,0,0,0,0,0,0,0,0,0,0,0,0,0,0,0,0,0,0,0,0,0,0,0,0,0,0,0,0,0,0,0,0,0,0,0,0,1710995221828,1710995479738,0
240321MMTHD000111174,240321MMTHD000111174002,BCEV000288,B,C,EV,"EVENT 꿀라떼",1,1000,1,NULL,2,2,2,0,0,0,0,0,0,0,0,0,0,0,0,0,0,0,0,0,0,0,0,0,0,0,0,0,0,0,0,0,0,0,0,0,0,0,0,0,0,0,1710995222071,1710995479738,0
240321MMTHD000111174,240321MMTHD000111174003,BCEV000288,B,C,EV,"EVENT 꿀라떼",1,1000,1,NULL,2,2,2,0,0,0,0,0,0,0,0,0,0,0,0,0,0,0,0,0,0,0,0,0,0,0,0,0,0,0,0,0,0,0,0,0,0,0,0,0,0,0,1710995222280,1710995479738,0
240321MMTHD000111174,240321MMTHD000111174004,BCEV000288,B,C,EV,"EVENT 꿀라떼",1,1000,1,NULL,2,2,2,0,0,0,0,0,0,0,0,0,0,0,0,0,0,0,0,0,0,0,0,0,0,0,0,0,0,0,0,0,0,0,0,0,0,0,0,0,0,0,1710995219014,1710995479738,0
240321MMTHD000111174,240321MMTHD000111174005,BCEV000288,B,C,EV,"EVENT 꿀라떼",1,1000,1,NULL,2,2,2,0,0,0,0,0,0,0,0,0,0,0,0,0,0,0,0,0,0,0,0,0,0,0,0,0,0,0,0,0,0,0,0,0,0,0,0,0,0,0,1710995219380,1710995479738,0
240321MMTHD000111174,240321MMTHD000111174006,BCEV000287,B,C,EV,"EVENT 아메리카노",1,1000,1,NULL,3,2,2,0,0,0,0,0,0,0,0,0,0,0,0,0,0,0,0,0,0,0,0,0,0,0,0,0,0,0,0,0,0,0,0,0,0,0,0,0,0,0,1710995219690,1710995479738,0
240321MMTHD000111174,240321MMTHD000111174007,BCEV000287,B,C,EV,"EVENT 아메리카노",1,1000,1,NULL,3,2,2,0,0,0,0,0,0,0,0,0,0,0,0,0,0,0,0,0,0,0,0,0,0,0,0,0,0,0,0,0,0,0,0,0,0,0,0,0,0,0,1710995219989,1710995479738,0
240321MMTHD000111174,240321MMTHD000111174008,BCCF000027,B,C,CF,"카페 라떼",1,2700,1,NULL,2,2,1,0,0,0,0,4,0,0,0,0,0,0,0,0,0,0,0,0,0,0,0,0,0,0,0,0,0,0,0,0,0,0,0,0,0,0,0,0,0,0,1710995220289,1710995479738,0
240321MMTHD000111174,240321MMTHD000111174009,BNEV000290,B,N,EV,"EVENT 매머드에이드",1,2000,1,NULL,3,2,1,0,0,0,0,0,0,0,0,0,0,0,0,0,0,0,0,0,0,0,0,0,0,0,0,0,0,0,0,0,0,0,0,0,0,0,0,0,0,0,1710995220534,1710995479738,0
240321MMTHD000111175,240321MMTHD000111175001,BCEV000288,B,C,EV,"EVENT 꿀라떼",1,1000,1,NULL,2,2,2,0,0,0,0,0,0,0,0,0,0,0,0,0,0,0,0,0,0,0,0,0,0,0,0,0,0,0,0,0,0,0,0,0,0,0,0,0,0,0,1710995412768,1710995711392,0
240321MMTHD000111175,240321MMTHD000111175002,BCEV000288,B,C,EV,"EVENT 꿀라떼",1,1000,1,NULL,2,2,1,0,0,0,0,0,0,0,0,0,0,0,0,0,0,0,0,0,0,0,0,0,0,0,0,0,0,0,0,0,0,0,0,0,0,0,0,0,0,0,1710995506209,1710995711392,0
240321MMTHD000111175,240321MMTHD000111175003,BCEV000288,B,C,EV,"EVENT 꿀라떼",1,1000,1,NULL,2,2,1,0,0,0,0,0,0,0,0,0,0,0,0,0,0,0,0,0,0,0,0,0,0,0,0,0,0,0,0,0,0,0,0,0,0,0,0,0,0,0,1710995506382,1710995711392,0
240321MMTHD000111175,240321MMTHD000111175004,BCEV000288,B,C,EV,"EVENT 꿀라떼",1,1000,1,NULL,2,2,1,0,0,0,0,0,0,0,0,0,0,0,0,0,0,0,0,0,0,0,0,0,0,0,0,0,0,0,0,0,0,0,0,0,0,0,0,0,0,0,1710995506572,1710995711392,0
240321MMTHD000111176,240321MMTHD000111176001,BNTA000051,B,N,TA,"레몬밤 민트티",1,3500,1,NULL,2,2,2,0,0,0,0,0,0,0,0,0,0,0,0,0,0,0,0,0,0,0,0,0,0,0,0,0,0,0,0,0,0,0,0,0,0,0,0,0,0,0,1710995694255,1710995818985,0
240321MMTHD000111176,240321MMTHD000111176002,BCCF000023,B,C,CF,아메리카노,1,1600,1,NULL,2,2,2,0,0,0,0,0,0,0,0,0,0,0,0,0,0,0,0,0,0,0,0,0,0,0,0,0,0,0,0,0,0,0,0,0,0,0,0,0,0,0,1710995817985,1710995818985,0
240321MMTHD000111176,240321MMTHD000111176003,BCCF000023,B,C,CF,아메리카노,1,1600,1,NULL,2,2,2,0,0,0,0,0,0,0,0,0,0,0,0,0,0,0,0,0,0,0,0,0,0,0,0,0,0,0,0,0,0,0,0,0,0,0,0,0,0,0,1710995817985,1710995818985,0
240321MMTHD000111176,240321MMTHD000111176004,BNTA000057,B,N,TA,"유자 티 / 에이드",1,2300,1,NULL,2,2,2,0,0,0,0,0,0,0,0,0,0,0,0,0,0,0,0,0,0,0,0,0,0,0,0,0,0,0,0,0,0,0,0,0,0,0,0,0,0,0,1710995817985,1710995818985,0
240321MMTHD000111176,240321MMTHD000111176005,BCCF000023,B,C,CF,아메리카노,1,1600,1,NULL,2,2,1,0,0,0,0,0,0,0,0,0,0,0,0,0,0,0,0,0,0,0,0,0,0,0,0,0,0,0,0,0,0,0,0,0,0,0,0,0,0,0,1710995817985,1710995818985,0
240321MMTHD000111176,240321MMTHD000111176006,BCCF000023,B,C,CF,아메리카노,1,1600,1,NULL,2,2,1,0,0,0,0,0,0,0,0,0,0,0,0,0,0,0,0,0,0,0,0,0,0,0,0,0,0,0,0,0,0,0,0,0,0,0,0,0,0,0,1710995817985,1710995818985,0
240321MMTHD000111176,240321MMTHD000111176007,BCCF000031,B,C,CF,"헤이즐넛 커피",1,2800,1,NULL,2,2,2,0,0,0,0,0,0,0,0,0,0,0,0,0,0,0,0,0,0,0,0,0,0,0,0,0,0,0,0,0,0,0,0,0,0,0,0,0,0,0,1710995817985,1710995818985,0
240321MMTHD000111176,240321MMTHD000111176008,BCCF000150,B,C,CF,"샷추가 아메리카노",1,2000,1,NULL,2,2,1,0,0,0,0,0,0,0,0,0,0,0,0,0,0,0,0,0,0,0,0,0,0,0,0,0,0,0,0,0,0,0,0,0,0,0,0,0,0,0,1710995817985,1710995818985,0
240321MMTHD000111176,240321MMTHD000111176009,BNFB000076,B,N,FB,"솔티카라멜 밀크쉐이크",1,4500,1,NULL,2,2,1,0,0,0,0,4,0,0,0,0,0,0,0,0,0,0,0,0,0,0,0,0,0,0,0,0,0,0,0,0,0,0,0,0,0,0,0,0,0,0,1710995817985,1710995818985,0
240321MMTHD000111176,240321MMTHD000111176010,BNTA000069,B,N,TA,"히비스커스 유자티",1,3500,1,NULL,2,2,2,0,0,0,0,0,0,0,0,0,0,0,0,0,0,0,0,0,0,0,0,0,0,0,0,0,0,0,0,0,0,0,0,0,0,0,0,0,0,0,1710995817985,1710995818985,0
240321MMTHD000111176,240321MMTHD000111176011,BNTA000059,B,N,TA,"자몽 티 / 에이드",1,3500,1,NULL,2,2,2,0,0,0,0,0,0,0,0,0,0,0,0,0,0,0,0,0,0,0,0,0,0,0,0,0,0,0,0,0,0,0,0,0,0,0,0,0,0,0,1710995817985,1710995818985,0
240321MMTHD000111176,240321MMTHD000111176012,BNTA000051,B,N,TA,"레몬밤 민트티",1,3500,1,NULL,2,2,1,0,0,0,0,0,0,0,0,0,0,0,0,0,0,0,0,0,0,0,0,0,0,0,0,0,0,0,0,0,0,0,0,0,0,0,0,0,0,0,1710995817985,1710995818985,0
240321MMTHD000111177,240321MMTHD000111177001,BCEV000287,B,C,EV,"EVENT 아메리카노",1,1000,1,NULL,3,2,1,0,0,0,0,0,0,0,0,0,0,0,0,0,0,0,0,0,0,0,0,0,0,0,0,0,0,0,0,0,0,0,0,0,0,0,0,0,0,0,1710995693799,1710995956218,0
240321MMTHD000111178,240321MMTHD000111178001,BCEV000287,B,C,EV,"EVENT 아메리카노",1,1000,1,NULL,3,2,1,0,0,0,0,0,0,0,0,0,0,0,0,0,0,0,0,0,0,0,0,0,0,0,0,0,0,0,0,0,0,0,0,0,0,0,0,0,0,0,1710995698848,1710995969319,0
240321MMTHD000111181,240321MMTHD000111181001,BCEV000287,B,C,EV,"EVENT 아메리카노",1,1000,1,NULL,3,2,1,0,0,0,0,0,0,0,0,0,0,0,0,0,0,0,0,0,0,0,0,0,0,0,0,0,0,0,0,0,0,0,0,0,0,0,0,0,0,0,1710995747092,1710996021954,0
240321MMTHD000111181,240321MMTHD000111181002,BCEV000287,B,C,EV,"EVENT 아메리카노",1,1000,1,NULL,3,2,1,0,0,0,0,0,0,0,0,0,0,0,0,0,0,0,0,0,0,0,0,0,0,0,0,0,0,0,0,0,0,0,0,0,0,0,0,0,0,0,1710995747285,1710996021954,0
240321MMTHD000111186,240321MMTHD000111186001,BCEV000287,B,C,EV,"EVENT 아메리카노",1,1000,1,NULL,3,2,1,0,0,0,0,0,0,0,0,0,0,0,0,0,0,0,0,0,0,0,0,0,0,0,0,0,0,0,0,0,0,0,0,0,0,0,0,0,0,0,1710995965676,1710996080866,0
240321MMTHD000111186,240321MMTHD000111186002,BCEV000287,B,C,EV,"EVENT 아메리카노",1,1000,1,NULL,3,2,1,0,0,0,0,0,0,0,0,0,0,0,0,0,0,0,0,0,0,0,0,0,0,0,0,0,0,0,0,0,0,0,0,0,0,0,0,0,0,0,1710995965312,1710996080866,0
240321MMTHD000111187,240321MMTHD000111187001,BCEV000287,B,C,EV,"EVENT 아메리카노",1,1000,1,NULL,3,2,1,0,0,0,0,0,0,0,0,0,0,0,0,0,0,0,0,0,0,0,0,0,0,0,0,0,0,0,0,0,0,0,0,0,0,0,0,0,0,0,1710995981890,1710996115444,0
240321MMTHD000111188,240321MMTHD000111188001,BCEV000288,B,C,EV,"EVENT 꿀라떼",1,1000,1,NULL,2,2,1,0,0,0,0,0,0,0,0,0,0,0,0,0,0,0,0,0,0,0,0,0,0,0,0,0,0,0,0,0,0,0,0,0,0,0,0,0,0,0,1710996003648,1710996143762,0
240321MMTHD000111189,240321MMTHD000111189001,BNLT000045,B,N,LT,"로얄 밀크티",1,3500,1,NULL,2,2,1,0,0,0,0,1,0,0,0,0,0,0,0,0,0,0,0,0,0,0,0,0,0,0,0,0,0,0,0,0,0,0,0,0,0,0,0,0,0,0,1710996024634,1710996198715,0
240321MMTHD000111189,240321MMTHD000111189002,BCCF000027,B,C,CF,"카페 라떼",1,2700,1,NULL,2,2,1,0,0,0,0,1,0,0,0,0,0,0,0,0,0,0,0,0,0,0,0,0,0,0,0,0,0,0,0,0,0,0,0,0,0,0,0,0,0,0,1710996024863,1710996198715,0
240321MMTHD000111190,240321MMTHD000111190001,BCEV000287,B,C,EV,"EVENT 아메리카노",1,1000,1,NULL,3,2,1,0,0,0,0,0,0,0,0,0,0,0,0,0,0,0,0,0,0,0,0,0,0,0,0,0,0,0,0,0,0,0,0,0,0,0,0,0,0,0,1710996221690,1710996222690,0
240321MMTHD000111190,240321MMTHD000111190002,BCEV000287,B,C,EV,"EVENT 아메리카노",1,1000,1,NULL,3,2,1,0,0,0,0,0,0,0,0,0,0,0,0,0,0,0,0,0,0,0,0,0,0,0,0,0,0,0,0,0,0,0,0,0,0,0,0,0,0,0,1710996221690,1710996222690,0
240321MMTHD000111191,240321MMTHD000111191001,BNEV000289,B,N,EV,"EVENT 레몬밤민트티",1,2000,1,NULL,2,2,1,0,0,0,0,0,0,0,0,0,0,0,0,0,0,0,0,0,0,0,0,0,0,0,0,0,0,0,0,0,0,0,0,0,0,0,0,0,0,0,1710996119391,1710996238704,0
240321MMTHD000111192,240321MMTHD000111192001,BCEV000287,B,C,EV,"EVENT 아메리카노",1,1000,1,NULL,3,2,1,0,0,0,0,0,0,0,0,0,0,0,0,0,0,0,0,0,0,0,0,0,0,0,0,0,0,0,0,0,0,0,0,0,0,0,0,0,0,0,1710996119880,1710996247942,0
240321MMTHD000111193,240321MMTHD000111193001,BCEV000288,B,C,EV,"EVENT 꿀라떼",1,1000,1,NULL,2,2,1,0,0,0,0,0,0,0,0,0,0,0,0,0,0,0,0,0,0,0,0,0,0,0,0,0,0,0,0,0,0,0,0,0,0,0,0,0,0,0,1710996147126,1710996379299,0
240321MMTHD000111193,240321MMTHD000111193002,BCEV000288,B,C,EV,"EVENT 꿀라떼",1,1000,1,NULL,2,2,1,0,0,0,0,0,0,0,0,0,0,0,0,0,0,0,0,0,0,0,0,0,0,0,0,0,0,0,0,0,0,0,0,0,0,0,0,0,0,0,1710996147478,1710996379299,0
240321MMTHD000111193,240321MMTHD000111193003,BCEV000287,B,C,EV,"EVENT 아메리카노",1,1000,1,NULL,3,2,2,0,0,0,0,0,0,0,0,0,0,0,0,0,0,0,0,0,0,0,0,0,0,0,0,0,0,0,0,0,0,0,0,0,0,0,0,0,0,0,1710996171309,1710996379299,0
240321MMTHD000111193,240321MMTHD000111193004,BNEV000290,B,N,EV,"EVENT 매머드에이드",1,2000,1,NULL,3,2,1,0,0,0,0,0,0,0,0,0,0,0,0,0,0,0,0,0,0,0,0,0,0,0,0,0,0,0,0,0,0,0,0,0,0,0,0,0,0,0,1710996171592,1710996379299,0
240321MMTHD000111193,240321MMTHD000111193005,BNEV000290,B,N,EV,"EVENT 매머드에이드",1,2000,1,NULL,3,2,1,0,0,0,0,0,0,0,0,0,0,0,0,0,0,0,0,0,0,0,0,0,0,0,0,0,0,0,0,0,0,0,0,0,0,0,0,0,0,0,1710996171976,1710996379299,0
240321MMTHD000111193,240321MMTHD000111193006,BNEV000289,B,N,EV,"EVENT 레몬밤민트티",1,2000,1,NULL,2,2,1,0,0,0,0,0,0,0,0,0,0,0,0,0,0,0,0,0,0,0,0,0,0,0,0,0,0,0,0,0,0,0,0,0,0,0,0,0,0,0,1710996172701,1710996379299,0
240321MMTHD000111194,240321MMTHD000111194001,BCEV000287,B,C,EV,"EVENT 아메리카노",1,1000,1,NULL,3,2,1,0,0,0,0,0,0,0,0,0,0,0,0,0,0,0,0,0,0,0,0,0,0,0,0,0,0,0,0,0,0,0,0,0,0,0,0,0,0,0,1710996189719,1710996469187,0
240321MMTHD000111194,240321MMTHD000111194002,BCEV000288,B,C,EV,"EVENT 꿀라떼",1,1000,1,NULL,2,2,1,0,0,0,0,0,0,0,0,0,0,0,0,0,0,0,0,0,0,0,0,0,0,0,0,0,0,0,0,0,0,0,0,0,0,0,0,0,0,0,1710996189967,1710996469187,0
240321MMTHD000111195,240321MMTHD000111195001,BCEV000287,B,C,EV,"EVENT 아메리카노",1,1000,1,NULL,3,2,1,0,0,0,0,0,0,0,0,0,0,0,0,0,0,0,0,0,0,0,0,0,0,0,0,0,0,0,0,0,0,0,0,0,0,0,0,0,0,0,1710996239841,1710996509566,0
240321MMTHD000111195,240321MMTHD000111195002,BCEV000287,B,C,EV,"EVENT 아메리카노",1,1000,1,NULL,3,2,1,0,0,0,0,0,0,0,0,0,0,0,0,0,0,0,0,0,0,0,0,0,0,0,0,0,0,0,0,0,0,0,0,0,0,0,0,0,0,0,1710996240615,1710996509566,0
240321MMTHD000111196,240321MMTHD000111196001,BCEV000287,B,C,EV,"EVENT 아메리카노",1,1000,1,NULL,3,2,1,0,0,0,0,0,0,0,0,0,0,0,0,0,0,0,0,0,0,0,0,0,0,0,0,0,0,0,0,0,0,0,0,0,0,0,0,0,0,0,1710996241116,1710996518242,0
240321MMTHD000111197,240321MMTHD000111197001,BCEV000287,B,C,EV,"EVENT 아메리카노",1,1000,1,NULL,3,2,1,0,0,0,0,0,0,0,0,0,0,0,0,0,0,0,0,0,0,0,0,0,0,0,0,0,0,0,0,0,0,0,0,0,0,0,0,0,0,0,1710996484106,1710996560284,0
240321MMTHD000111197,240321MMTHD000111197002,BCEV000287,B,C,EV,"EVENT 아메리카노",1,1000,1,NULL,3,2,1,0,0,0,0,0,0,0,0,0,0,0,0,0,0,0,0,0,0,0,0,0,0,0,0,0,0,0,0,0,0,0,0,0,0,0,0,0,0,0,1710996484306,1710996560284,0
240321MMTHD000111199,240321MMTHD000111199001,BCEV000287,B,C,EV,"EVENT 아메리카노",1,1000,1,NULL,3,2,1,0,0,0,0,0,0,0,0,0,0,0,0,0,0,0,0,0,0,0,0,0,0,0,0,0,0,0,0,0,0,0,0,0,0,0,0,0,0,0,1710996627793,1710996724145,0
240321MMTHD000111199,240321MMTHD000111199002,BCEV000287,B,C,EV,"EVENT 아메리카노",1,1000,1,NULL,3,2,1,0,0,0,0,0,0,0,0,0,0,0,0,0,0,0,0,0,0,0,0,0,0,0,0,0,0,0,0,0,0,0,0,0,0,0,0,0,0,0,1710996627985,1710996724145,0
240321MMTHD000111200,240321MMTHD000111200001,BCCF000027,B,C,CF,"카페 라떼",1,2700,1,NULL,2,2,1,0,0,0,0,1,0,0,0,0,0,0,0,0,0,0,0,0,0,0,0,0,0,0,0,0,0,0,0,0,0,0,0,0,0,0,0,0,0,0,1710996650447,1710996789147,0
240321MMTHD000111200,240321MMTHD000111200002,BCCF000023,B,C,CF,아메리카노,1,1600,1,NULL,2,2,1,0,0,0,0,0,0,0,0,0,0,0,0,0,0,0,0,0,0,0,0,0,0,0,0,0,0,0,0,0,0,0,0,0,0,0,0,0,0,0,1710996650119,1710996789147,0
240321MMTHD000111201,240321MMTHD000111201001,BCEV000288,B,C,EV,"EVENT 꿀라떼",1,1000,1,NULL,2,2,1,0,0,0,0,0,0,0,0,0,0,0,0,0,0,0,0,0,0,0,0,0,0,0,0,0,0,0,0,0,0,0,0,0,0,0,0,0,0,0,1710996660764,1710996932960,0
240321MMTHD000111201,240321MMTHD000111201002,BCEV000288,B,C,EV,"EVENT 꿀라떼",1,1000,1,NULL,2,2,2,0,0,0,0,0,0,0,0,0,0,0,0,0,0,0,0,0,0,0,0,0,0,0,0,0,0,0,0,0,0,0,0,0,0,0,0,0,0,0,1710996660955,1710996932960,0
240321MMTHD000111202,240321MMTHD000111202001,BCEV000287,B,C,EV,"EVENT 아메리카노",1,1000,1,NULL,3,2,1,0,0,0,0,0,0,0,0,0,0,0,0,0,0,0,0,0,0,0,0,0,0,0,0,0,0,0,0,0,0,0,0,0,0,0,0,0,0,0,1710996684236,1710996941326,0
240321MMTHD000111203,240321MMTHD000111203001,BNEV000289,B,N,EV,"EVENT 레몬밤민트티",1,2000,1,NULL,2,2,1,0,0,0,0,0,0,0,0,0,0,0,0,0,0,0,0,0,0,0,0,0,0,0,0,0,0,0,0,0,0,0,0,0,0,0,0,0,0,0,1710996793533,1710996971676,0
240321MMTHD000111203,240321MMTHD000111203002,BNEV000289,B,N,EV,"EVENT 레몬밤민트티",1,2000,1,NULL,2,2,1,0,0,0,0,0,0,0,0,0,0,0,0,0,0,0,0,0,0,0,0,0,0,0,0,0,0,0,0,0,0,0,0,0,0,0,0,0,0,0,1710996793770,1710996971676,0
240321MMTHD000111203,240321MMTHD000111203003,BNEV000290,B,N,EV,"EVENT 매머드에이드",1,2000,1,NULL,3,2,1,0,0,0,0,0,0,0,0,0,0,0,0,0,0,0,0,0,0,0,0,0,0,0,0,0,0,0,0,0,0,0,0,0,0,0,0,0,0,0,1710996794107,1710996971676,0
240321MMTHD000111203,240321MMTHD000111203004,BNEV000290,B,N,EV,"EVENT 매머드에이드",1,2000,1,NULL,3,2,1,0,0,0,0,0,0,0,0,0,0,0,0,0,0,0,0,0,0,0,0,0,0,0,0,0,0,0,0,0,0,0,0,0,0,0,0,0,0,0,1710996794353,1710996971676,0
240321MMTHD000111204,240321MMTHD000111204001,BCEV000287,B,C,EV,"EVENT 아메리카노",1,1000,1,NULL,3,2,1,0,0,0,0,0,0,0,0,0,0,0,0,0,0,0,0,0,0,0,0,0,0,0,0,0,0,0,0,0,0,0,0,0,0,0,0,0,0,0,1710996825667,1710996976608,0
240321MMTHD000111205,240321MMTHD000111205001,BCEV000287,B,C,EV,"EVENT 아메리카노",1,1000,1,NULL,3,2,1,0,0,0,0,0,0,0,0,0,0,0,0,0,0,0,0,0,0,0,0,0,0,0,0,0,0,0,0,0,0,0,1,400,0,0,0,0,0,0,1710996826386,1710997116033,0
240321MMTHD000111205,240321MMTHD000111205002,BCEV000287,B,C,EV,"EVENT 아메리카노",1,1000,1,NULL,3,2,1,0,0,0,0,0,0,0,0,0,0,0,0,0,0,0,0,0,0,0,0,0,0,0,0,0,0,0,0,0,0,0,1,400,0,0,0,0,0,0,1710996826586,1710997116033,0
240321MMTHD000111205,240321MMTHD000111205003,BCEV000288,B,C,EV,"EVENT 꿀라떼",1,1000,1,NULL,2,2,1,0,0,0,0,0,0,0,0,0,0,0,0,0,0,0,0,0,0,0,0,0,0,0,0,0,0,0,0,0,0,0,0,0,0,0,0,0,0,0,1710996921811,1710997116033,0
240321MMTHD000111205,240321MMTHD000111205004,BCEV000288,B,C,EV,"EVENT 꿀라떼",1,1000,1,NULL,2,2,1,0,0,0,0,0,0,0,0,0,0,0,0,0,0,0,0,0,0,0,0,0,0,0,0,0,0,0,0,0,0,0,0,0,0,0,0,0,0,0,1710996922046,1710997116033,0
240321MMTHD000111205,240321MMTHD000111205005,BCEV000288,B,C,EV,"EVENT 꿀라떼",1,1000,1,NULL,2,2,2,0,0,0,0,0,0,0,0,0,0,0,0,0,0,0,0,0,0,0,0,0,0,0,0,0,0,0,0,0,0,0,0,0,0,0,0,0,0,0,1710996922284,1710997116033,0
240321MMTHD000111206,240321MMTHD000111206001,BCEV000288,B,C,EV,"EVENT 꿀라떼",1,1000,1,NULL,2,2,1,0,0,0,0,0,0,0,0,0,0,0,0,0,0,0,0,0,0,0,0,0,0,0,0,0,0,0,0,0,0,0,0,0,0,0,0,0,0,0,1710997008592,1710997169255,0
240321MMTHD000111206,240321MMTHD000111206002,BCEV000288,B,C,EV,"EVENT 꿀라떼",1,1000,1,NULL,2,2,1,0,0,0,0,0,0,0,0,0,0,0,0,0,0,0,0,0,0,0,0,0,0,0,0,0,0,0,0,0,0,0,0,0,0,0,0,0,0,0,1710997006359,1710997169255,0
240321MMTHD000111207,240321MMTHD000111207001,BCEV000287,B,C,EV,"EVENT 아메리카노",1,1000,1,NULL,3,2,1,0,0,0,0,0,0,0,0,0,0,0,0,0,0,0,0,0,0,0,0,0,0,0,0,0,0,0,0,0,0,0,0,0,0,0,0,0,0,0,1710997014400,1710997184735,0
240321MMTHD000111208,240321MMTHD000111208001,BCEV000288,B,C,EV,"EVENT 꿀라떼",1,1000,1,NULL,2,2,1,0,0,0,0,0,0,0,0,0,0,0,0,0,0,0,0,0,0,0,0,0,0,0,0,0,0,0,0,0,0,0,0,0,0,0,0,0,0,0,1710997035095,1710997267102,0
240321MMTHD000111208,240321MMTHD000111208002,BCEV000288,B,C,EV,"EVENT 꿀라떼",1,1000,1,NULL,2,2,1,0,0,0,0,0,0,0,0,0,0,0,0,0,0,0,0,0,0,0,0,0,0,0,0,0,0,0,0,0,0,0,0,0,0,0,0,0,0,0,1710997035813,1710997267102,0
240321MMTHD000111209,240321MMTHD000111209001,BCEV000288,B,C,EV,"EVENT 꿀라떼",1,1000,1,NULL,2,2,2,0,0,0,0,0,0,0,0,0,0,0,0,0,0,0,0,0,0,0,0,0,0,0,0,0,0,0,0,0,0,0,0,0,0,0,0,0,0,0,1710997130509,1710997316115,0
240321MMTHD000111209,240321MMTHD000111209002,BCEV000288,B,C,EV,"EVENT 꿀라떼",1,1000,1,NULL,2,2,1,0,0,0,0,0,0,0,0,0,0,0,0,0,0,0,0,0,0,0,0,0,0,0,0,0,0,0,0,0,0,0,0,0,0,0,0,0,0,0,1710997131353,1710997316115,0
240321MMTHD000111210,240321MMTHD000111210001,BNEV000289,B,N,EV,"EVENT 레몬밤민트티",1,2000,1,NULL,2,2,1,0,0,0,0,0,0,0,0,0,0,0,0,0,0,0,0,0,0,0,0,0,0,0,0,0,0,0,0,0,0,0,0,0,0,0,0,0,0,0,1710997335819,1710997336819,0
240321MMTHD000111211,240321MMTHD000111211001,BCEV000288,B,C,EV,"EVENT 꿀라떼",1,1000,1,NULL,2,2,1,0,0,0,0,0,0,0,0,0,0,0,0,0,0,0,0,0,0,0,0,0,0,0,0,0,0,0,0,0,0,0,0,0,0,0,0,0,0,0,1710997534326,1710997702532,0
240321MMTHD000111211,240321MMTHD000111211002,BCEV000288,B,C,EV,"EVENT 꿀라떼",1,1000,1,NULL,2,2,1,0,0,0,0,0,0,0,0,0,0,0,0,0,0,0,0,0,0,0,0,0,0,0,0,0,0,0,0,0,0,0,0,0,0,0,0,0,0,0,1710997535354,1710997702532,0
240321MMTHD000111211,240321MMTHD000111211003,BCEV000287,B,C,EV,"EVENT 아메리카노",1,1000,1,NULL,3,2,1,0,0,0,0,0,0,0,0,0,0,0,0,0,0,0,0,0,0,0,0,0,0,0,0,0,0,0,0,0,0,0,0,0,0,0,0,0,0,0,1710997535727,1710997702532,0
240321MMTHD000111211,240321MMTHD000111211004,BNEV000290,B,N,EV,"EVENT 매머드에이드",1,2000,1,NULL,3,2,1,0,0,0,0,0,0,0,0,0,0,0,0,0,0,0,0,0,0,0,0,0,0,0,0,0,0,0,0,0,0,0,0,0,0,0,0,0,0,0,1710997537001,1710997702532,0
240321MMTHD000111211,240321MMTHD000111211005,BNEV000290,B,N,EV,"EVENT 매머드에이드",1,2000,1,NULL,3,2,1,0,0,0,0,0,0,0,0,0,0,0,0,0,0,0,0,0,0,0,0,0,0,0,0,0,0,0,0,0,0,0,0,0,0,0,0,0,0,0,1710997537256,1710997702532,0
240321MMTHD000111211,240321MMTHD000111211006,BNEV000290,B,N,EV,"EVENT 매머드에이드",1,2000,1,NULL,3,2,1,0,0,0,0,0,0,0,0,0,0,0,0,0,0,0,0,0,0,0,0,0,0,0,0,0,0,0,0,0,0,0,0,0,0,0,0,0,0,0,1710997537547,1710997702532,0
240321MMTHD000111211,240321MMTHD000111211007,BCEV000288,B,C,EV,"EVENT 꿀라떼",1,1000,1,NULL,2,2,2,0,0,0,0,0,0,0,0,0,0,0,0,0,0,0,0,0,0,0,0,0,0,0,0,0,0,0,0,0,0,0,0,0,0,0,0,0,0,0,1710997538148,1710997702532,0
240321MMTHD000111211,240321MMTHD000111211008,BNEV000289,B,N,EV,"EVENT 레몬밤민트티",1,2000,1,NULL,2,2,2,0,0,0,0,0,0,0,0,0,0,0,0,0,0,0,0,0,0,0,0,0,0,0,0,0,0,0,0,0,0,0,0,0,0,0,0,0,0,0,1710997538366,1710997702532,0
240321MMTHD000111212,240321MMTHD000111212001,BCEV000287,B,C,EV,"EVENT 아메리카노",1,1000,1,NULL,3,2,2,0,0,0,0,0,0,0,0,0,0,0,0,0,0,0,0,0,0,0,0,0,0,0,0,0,0,0,0,0,0,0,1,400,0,0,0,0,0,0,1710997586739,1710997861672,0
240321MMTHD000111213,240321MMTHD000111213001,BCEV000287,B,C,EV,"EVENT 아메리카노",1,1000,1,NULL,3,2,2,0,0,0,0,0,0,0,0,0,0,0,0,0,0,0,0,0,0,0,0,0,0,0,0,0,0,0,0,0,0,0,0,0,0,0,0,0,0,0,1710997602463,1710997938546,0
240321MMTHD000111213,240321MMTHD000111213002,BCEV000287,B,C,EV,"EVENT 아메리카노",1,1000,1,NULL,3,2,2,0,0,0,0,0,0,0,0,0,0,0,0,0,0,0,0,0,0,0,0,0,0,0,0,0,0,0,0,0,0,0,0,0,0,0,0,0,0,0,1710997602718,1710997938546,0
240321MMTHD000111214,240321MMTHD000111214001,BCEV000287,B,C,EV,"EVENT 아메리카노",1,1000,1,NULL,3,2,1,0,0,0,0,0,0,0,0,0,0,0,0,0,0,0,0,0,0,0,0,0,0,0,0,0,0,0,0,0,0,0,0,0,0,0,0,0,0,0,1710997779344,1710997976218,0
240321MMTHD000111215,240321MMTHD000111215001,BCEV000288,B,C,EV,"EVENT 꿀라떼",1,1000,1,NULL,2,3,1,0,0,0,0,0,0,0,0,0,0,0,0,0,0,0,0,0,0,0,0,0,0,0,0,0,0,0,0,0,0,0,0,0,0,0,0,0,0,0,1710997809212,1710997985557,0
240321MMTHD000111216,240321MMTHD000111216001,BCEV000287,B,C,EV,"EVENT 아메리카노",1,1000,1,NULL,3,2,1,0,0,0,0,0,0,0,0,0,0,0,0,0,0,0,0,0,0,0,0,0,0,0,0,0,0,0,0,0,0,0,0,0,0,0,0,0,0,0,1710997870468,1710998002344,0
240321MMTHD000111217,240321MMTHD000111217001,BCEV000288,B,C,EV,"EVENT 꿀라떼",1,1000,1,NULL,2,2,1,0,0,0,0,0,0,0,0,0,0,0,0,0,0,0,0,0,0,0,0,0,0,0,0,0,0,0,0,0,0,0,0,0,0,0,0,0,0,0,1710998087378,1710998088378,0
240321MMTHD000111217,240321MMTHD000111217002,BCEV000288,B,C,EV,"EVENT 꿀라떼",1,1000,1,NULL,2,2,1,0,0,0,0,0,0,0,0,0,0,0,0,0,0,0,0,0,0,0,0,0,0,0,0,0,0,0,0,0,0,0,0,0,0,0,0,0,0,0,1710998087378,1710998088378,0
240321MMTHD000111217,240321MMTHD000111217003,BCEV000287,B,C,EV,"EVENT 아메리카노",1,1000,1,NULL,3,2,1,0,0,0,0,0,0,0,0,0,0,0,0,0,0,0,0,0,0,0,0,0,0,0,0,0,0,0,0,0,0,0,0,0,0,0,0,0,0,0,1710998087378,1710998088378,0
240321MMTHD000111219,240321MMTHD000111219001,BCEV000287,B,C,EV,"EVENT 아메리카노",1,1000,1,NULL,3,2,1,0,0,0,0,0,0,0,0,0,0,0,0,0,0,0,0,0,0,0,0,0,0,0,0,0,0,0,0,0,0,0,0,0,0,0,0,0,0,0,1710998281118,1710998359511,0
240321MMTHD000111220,240321MMTHD000111220001,BNEV000290,B,N,EV,"EVENT 매머드에이드",1,2000,1,NULL,3,2,1,0,0,0,0,0,0,0,0,0,0,0,0,0,0,0,0,0,0,0,0,0,0,0,0,0,0,0,0,0,0,0,0,0,0,0,0,0,0,0,1710998281601,1710998368588,0
240321MMTHD000111221,240321MMTHD000111221001,BCEV000288,B,C,EV,"EVENT 꿀라떼",1,1000,1,NULL,2,2,1,0,0,0,0,0,0,0,0,0,0,0,0,0,0,0,0,0,0,0,0,0,0,0,0,0,0,0,0,0,0,0,0,0,0,0,0,0,0,0,1710998366438,1710998548224,0
240321MMTHD000111222,240321MMTHD000111222001,BCCF000020,B,C,CF,"바닐라 라떼",1,3100,1,NULL,2,2,1,0,0,0,0,1,0,0,0,0,0,0,0,0,0,0,0,0,0,0,0,0,0,0,0,0,0,0,0,0,0,0,1,400,0,0,0,0,0,0,1710998596880,1710998597880,0
240321MMTHD000111222,240321MMTHD000111222002,BCCF000029,B,C,CF,"토피넛 샷 라떼",1,3700,1,NULL,2,2,1,0,0,0,0,1,0,0,0,0,0,0,0,0,0,0,0,0,0,0,0,0,0,0,0,0,0,0,0,0,0,0,1,400,0,0,0,0,0,0,1710998596880,1710998597880,0
240321MMTHD000111224,240321MMTHD000111224001,BCEV000287,B,C,EV,"EVENT 아메리카노",1,1000,1,NULL,3,2,2,0,0,0,0,0,0,0,0,0,0,0,0,0,0,0,0,0,0,0,0,0,0,0,0,0,0,0,0,0,0,0,0,0,0,0,0,0,0,0,1710998868900,1710998869900,0
240321MMTHD000111226,240321MMTHD000111226001,BNNW000230,B,N,NW,"딸기 듬뿍 라떼",1,4500,1,NULL,2,2,1,0,0,0,0,1,0,0,0,0,0,0,0,0,0,0,0,0,0,0,0,0,0,0,0,0,0,0,0,0,0,0,0,0,0,0,0,0,0,0,1710999040403,1710999041403,0
240321MMTHD000111227,240321MMTHD000111227001,FDDS000218,F,D,DS,"바닐라 초코칩 아이스크림 ",2,2500,1,NULL,0,0,0,0,0,0,0,0,0,0,0,0,0,0,0,0,0,0,0,0,0,0,0,0,0,0,0,0,0,0,0,0,0,0,0,0,0,0,0,0,0,0,1710999106407,1710999107407,0
240321MMTHD000111227,240321MMTHD000111227002,BCCF000002,B,C,CF,"꿀 커피",1,1800,1,NULL,1,2,1,0,0,0,0,0,0,0,0,0,0,0,0,0,0,0,0,0,0,0,0,0,0,0,0,0,0,0,0,0,0,0,0,0,0,0,0,0,0,0,1710999106407,1710999107407,0
240321MMTHD000111228,240321MMTHD000111228001,BCCF000018,B,C,CF,"믹스 커피 ",1,3000,1,NULL,2,2,1,0,0,0,0,0,0,0,0,0,0,0,0,0,0,0,0,0,0,0,0,0,0,0,0,0,0,0,0,0,0,0,0,0,0,0,0,0,0,0,1710999233876,1710999234876,0
240321MMTHD000111228,240321MMTHD000111228002,BCCF000018,B,C,CF,"믹스 커피 ",1,3000,1,NULL,2,2,1,0,0,0,0,0,0,0,0,0,0,0,0,0,0,0,0,0,0,0,0,0,0,0,0,0,0,0,0,0,0,0,0,0,0,0,0,0,0,0,1710999233876,1710999234876,0
240321MMTHD000111228,240321MMTHD000111228003,BCCF000018,B,C,CF,"믹스 커피 ",1,3000,1,NULL,2,2,1,0,0,0,0,0,0,0,0,0,0,0,0,0,0,0,0,0,0,0,0,0,0,0,0,0,0,0,0,0,0,0,0,0,0,0,0,0,0,0,1710999233876,1710999234876,0
240321MMTHD000111228,240321MMTHD000111228004,BCCF000018,B,C,CF,"믹스 커피 ",1,3000,1,NULL,2,2,1,0,0,0,0,0,0,0,0,0,0,0,0,0,0,0,0,0,0,0,0,0,0,0,0,0,0,0,0,0,0,0,0,0,0,0,0,0,0,0,1710999233876,1710999234876,0
240321MMTHD000111230,240321MMTHD000111230001,BCEV000287,B,C,EV,"EVENT 아메리카노",1,1000,1,NULL,3,2,1,0,0,0,0,0,0,0,0,0,0,0,0,0,0,0,0,0,0,0,0,0,0,0,0,0,0,0,0,0,0,0,0,0,0,0,0,0,0,0,1710999446784,1710999447784,0
240321MMTHD000111230,240321MMTHD000111230002,BCEV000287,B,C,EV,"EVENT 아메리카노",1,1000,1,NULL,3,2,1,0,0,0,0,0,0,0,0,0,0,0,0,0,0,0,0,0,0,0,0,0,0,0,0,0,0,0,0,0,0,0,0,0,0,0,0,0,0,0,1710999446784,1710999447784,0
240321MMTHD000111230,240321MMTHD000111230003,BNEV000290,B,N,EV,"EVENT 매머드에이드",1,2000,1,NULL,3,2,1,0,0,0,0,0,0,0,0,0,0,0,0,0,0,0,0,0,0,0,0,0,0,0,0,0,0,0,0,0,0,0,0,0,0,0,0,0,0,0,1710999446784,1710999447784,0
240321MMTHD000111231,240321MMTHD000111231001,BNEV000290,B,N,EV,"EVENT 매머드에이드",1,2000,1,NULL,3,2,1,0,0,0,0,0,0,0,0,0,0,0,0,0,0,0,0,0,0,0,0,0,0,0,0,0,0,0,0,0,0,0,0,0,0,0,0,0,0,0,1710999839287,1710999840287,0
240321MMTHD000111232,240321MMTHD000111232001,BCCF000030,B,C,CF,"헤이즐넛 라떼",1,3600,1,NULL,2,2,1,0,0,0,0,1,0,0,0,0,0,0,0,0,0,0,0,0,0,0,0,0,0,0,0,0,0,0,0,0,0,0,0,0,0,0,0,0,0,0,1710999844719,1710999845719,0
240321MMTHD000111233,240321MMTHD000111233001,BCEV000287,B,C,EV,"EVENT 아메리카노",1,1000,1,NULL,3,2,1,0,0,0,0,0,0,0,0,0,0,0,0,0,0,0,0,0,0,0,0,0,0,0,0,0,0,0,0,0,0,0,0,0,0,0,0,0,0,0,1711000002224,1711000003224,0
240321MMTHD000111233,240321MMTHD000111233002,BCEV000288,B,C,EV,"EVENT 꿀라떼",1,1000,1,NULL,2,2,1,0,0,0,0,0,0,0,0,0,0,0,0,0,0,0,0,0,0,0,0,0,0,0,0,0,0,0,0,0,0,0,0,0,0,0,0,0,0,0,1711000002224,1711000003224,0
240321MMTHD000111234,240321MMTHD000111234001,BCEV000287,B,C,EV,"EVENT 아메리카노",1,1000,1,NULL,3,2,2,0,0,0,0,0,0,0,0,0,0,0,0,0,0,0,0,0,0,0,0,0,0,0,0,0,0,0,0,0,0,0,0,0,0,0,0,0,0,0,1711000078413,1711000079413,0
240321MMTHD000111235,240321MMTHD000111235001,BCEV000287,B,C,EV,"EVENT 아메리카노",1,1000,1,NULL,3,2,1,0,0,0,0,0,0,0,0,0,0,0,0,0,0,0,0,0,0,0,0,0,0,0,0,0,0,0,0,0,0,0,0,0,0,0,0,0,0,0,1711000390042,1711000422719,0
240321MMTHD000111236,240321MMTHD000111236001,BCEV000288,B,C,EV,"EVENT 꿀라떼",1,1000,1,NULL,2,2,1,0,0,0,0,0,0,0,0,0,0,0,0,0,0,0,0,0,0,0,0,0,0,0,0,0,0,0,0,0,0,0,0,0,0,0,0,0,0,0,1711000436404,1711000497463,0
240321MMTHD000111237,240321MMTHD000111237001,BNLT000047,B,N,LT,"초코 라떼",1,2300,1,NULL,1,2,1,0,0,0,0,1,0,0,0,0,0,0,0,0,0,0,0,0,0,0,0,0,0,0,0,0,0,0,0,0,0,0,0,0,0,0,0,0,0,0,1711000634594,1711000771101,0
240321MMTHD000111238,240321MMTHD000111238001,FDDS000123,F,D,DS,"카야 대만식 샌드위치",2,2200,1,NULL,0,0,0,0,0,0,0,0,0,0,0,0,0,0,0,0,0,0,0,0,0,0,0,0,0,0,0,0,0,0,0,0,0,0,0,0,0,0,0,0,0,0,1711000769602,1711000770602,0
240321MMTHD000111239,240321MMTHD000111239001,BCCF000001,B,C,CF,"꿀 라떼",1,3100,1,NULL,2,2,1,0,0,0,0,1,0,0,0,0,0,0,0,0,0,0,0,0,0,0,0,0,0,0,0,0,0,0,0,0,0,0,0,0,0,0,0,0,0,0,1711001104517,1711001105517,0
240321MMTHD000111239,240321MMTHD000111239002,BNFB000232,B,N,FB,"딸기 골드키위 스무디",1,4800,1,NULL,2,2,1,0,0,0,0,0,0,0,0,0,0,0,0,0,0,0,0,0,0,0,0,0,0,0,0,0,0,0,0,0,0,0,0,0,0,0,0,0,0,0,1711001104517,1711001105517,0
240321MMTHD000111240,240321MMTHD000111240001,BCEV000288,B,C,EV,"EVENT 꿀라떼",1,1000,1,NULL,2,2,1,0,0,0,0,0,0,0,0,0,0,0,0,0,0,0,0,0,0,0,0,0,0,0,0,0,0,0,0,0,0,0,0,0,0,0,0,0,0,0,1711001013285,1711001014285,0
240321MMTHD000111240,240321MMTHD000111240002,BNFB000232,B,N,FB,"딸기 골드키위 스무디",1,4800,1,NULL,2,2,1,0,0,0,0,0,0,0,0,0,0,0,0,0,0,0,0,0,0,0,0,0,0,0,0,0,0,0,0,0,0,0,0,0,0,0,0,0,0,0,1711001013285,1711001014285,0
240321MMTHD000111241,240321MMTHD000111241001,BCEV000287,B,C,EV,"EVENT 아메리카노",1,1000,1,NULL,3,2,1,0,0,0,0,0,0,0,0,0,0,0,0,0,0,0,0,0,0,0,0,0,0,0,0,0,0,0,0,0,0,0,0,0,0,0,0,0,0,0,1711001743553,1711001744553,0
240321MMTHD000111241,240321MMTHD000111241002,BCEV000287,B,C,EV,"EVENT 아메리카노",1,1000,1,NULL,3,2,2,0,0,0,0,0,0,0,0,0,0,0,0,0,0,0,0,0,0,0,0,0,0,0,0,0,0,0,0,0,0,0,0,0,0,0,0,0,0,0,1711001743553,1711001744553,0
240321MMTHD000111242,240321MMTHD000111242001,BCEV000287,B,C,EV,"EVENT 아메리카노",1,1000,1,NULL,3,2,2,0,0,0,0,0,0,0,0,0,0,0,0,0,0,0,0,0,0,0,0,0,0,0,0,0,0,0,0,0,0,0,0,0,0,0,0,0,0,0,1711001897917,1711001930590,0
240321MMTHD000111243,240321MMTHD000111243001,BCEV000287,B,C,EV,"EVENT 아메리카노",1,1000,1,NULL,3,2,1,0,0,0,0,0,0,0,0,0,0,0,0,0,0,0,0,0,0,0,0,0,0,0,0,0,0,0,0,0,0,0,1,400,0,0,0,0,0,0,1711002037081,1711002271305,0
240321MMTHD000111243,240321MMTHD000111243002,BCEV000287,B,C,EV,"EVENT 아메리카노",1,1000,1,NULL,3,2,1,0,0,0,0,0,0,0,0,0,0,0,0,0,0,0,0,0,0,0,0,0,0,0,0,0,0,0,0,0,0,0,1,400,0,0,0,0,0,0,1711002037455,1711002271305,0
240321MMTHD000111243,240321MMTHD000111243003,BNFB000232,B,N,FB,"딸기 골드키위 스무디",1,4800,1,NULL,2,2,1,0,0,0,0,0,0,0,0,0,0,0,0,0,0,0,0,0,0,0,0,0,0,0,0,0,0,0,0,0,0,0,0,0,0,0,0,0,0,0,1711002037839,1711002271305,0
240321MMTHD000111243,240321MMTHD000111243004,BNFB000232,B,N,FB,"딸기 골드키위 스무디",1,4800,1,NULL,2,2,1,0,0,0,0,0,0,0,0,0,0,0,0,0,0,0,0,0,0,0,0,0,0,0,0,0,0,0,0,0,0,0,0,0,0,0,0,0,0,0,1711002038182,1711002271305,0
240321MMTHD000111243,240321MMTHD000111243005,BNFB000071,B,N,FB,"딸기 요거트 스무디",1,4000,1,NULL,2,3,1,0,0,0,0,4,0,0,0,0,0,0,0,0,0,0,0,0,0,0,0,0,0,0,0,0,0,0,0,0,0,0,0,0,0,0,0,0,0,0,1711002038445,1711002271305,0
240321MMTHD000111244,240321MMTHD000111244001,BCCF000023,B,C,CF,아메리카노,1,1600,1,NULL,2,2,1,0,0,0,0,0,0,0,0,0,0,0,0,0,0,0,0,0,0,0,0,0,0,0,0,0,0,0,0,0,0,0,0,0,0,0,0,0,0,0,1711002039056,1711002100853,0
240321MMTHD000111246,240321MMTHD000111246001,BCEV000287,B,C,EV,"EVENT 아메리카노",1,1000,1,NULL,3,2,2,0,0,0,0,0,0,0,0,0,0,0,0,0,0,0,0,0,0,0,0,0,0,0,0,0,0,0,0,0,0,0,0,0,0,0,0,0,0,0,1711002214804,1711002328945,0
240321MMTHD000111246,240321MMTHD000111246002,BCEV000288,B,C,EV,"EVENT 꿀라떼",1,1000,1,NULL,2,2,2,0,0,0,0,0,0,0,0,0,0,0,0,0,0,0,0,0,0,0,0,0,0,0,0,0,0,0,0,0,0,0,0,0,0,0,0,0,0,0,1711002215132,1711002328945,0
240321MMTHD000111247,240321MMTHD000111247001,BNTA000069,B,N,TA,"히비스커스 유자티",1,3500,1,NULL,2,2,2,0,0,0,0,0,0,0,0,0,0,0,0,0,0,0,0,0,0,0,0,0,0,0,0,0,0,0,0,0,0,0,0,0,0,0,0,0,0,0,1711002415541,1711002530570,0
240321MMTHD000111248,240321MMTHD000111248001,BCEV000288,B,C,EV,"EVENT 꿀라떼",1,1000,1,NULL,2,2,1,0,0,0,0,0,0,0,0,0,0,0,0,0,0,0,0,0,0,0,0,0,0,0,0,0,0,0,0,0,0,0,1,400,0,0,0,0,0,0,1711002519499,1711002579843,0
240321MMTHD000111250,240321MMTHD000111250001,BNLT000242,B,N,LT,"커스터드 푸딩 라떼",1,4800,1,NULL,2,2,1,0,0,0,0,2,0,0,0,0,0,0,0,0,0,0,0,0,0,0,0,0,0,0,0,0,0,0,0,0,0,0,0,0,0,0,0,0,0,0,1711002629989,1711002794448,0
240321MMTHD000111250,240321MMTHD000111250002,BNFB000072,B,N,FB,"민트 초코 프라페",1,4500,1,NULL,2,2,1,0,0,2,0,1,0,0,0,0,0,0,0,0,0,0,0,0,0,0,0,0,0,0,0,0,0,0,0,0,0,0,0,0,0,0,0,0,0,0,1711002630509,1711002794448,0
240321MMTHD000111252,240321MMTHD000111252001,BCEV000288,B,C,EV,"EVENT 꿀라떼",1,1000,1,NULL,2,2,1,0,0,0,0,0,0,0,0,0,0,0,0,0,0,0,0,0,0,0,0,0,0,0,0,0,0,0,0,0,0,0,0,0,0,0,0,0,0,0,1711002768624,1711002843352,0
240321MMTHD000111252,240321MMTHD000111252002,BCEV000288,B,C,EV,"EVENT 꿀라떼",1,1000,1,NULL,2,2,1,0,0,0,0,0,0,0,0,0,0,0,0,0,0,0,0,0,0,0,0,0,0,0,0,0,0,0,0,0,0,0,0,0,0,0,0,0,0,0,1711002768850,1711002843352,0
240321MMTHD000111252,240321MMTHD000111252003,BCEV000288,B,C,EV,"EVENT 꿀라떼",1,1000,1,NULL,2,2,1,0,0,0,0,0,0,0,0,0,0,0,0,0,0,0,0,0,0,0,0,0,0,0,0,0,0,0,0,0,0,0,0,0,0,0,0,0,0,0,1711002769096,1711002843352,0
240321MMTHD000111253,240321MMTHD000111253001,BCEV000288,B,C,EV,"EVENT 꿀라떼",1,1000,1,NULL,2,2,1,0,0,0,0,0,0,0,0,0,0,0,0,0,0,0,0,0,0,0,0,0,0,0,0,0,0,0,0,0,0,0,0,0,0,0,0,0,0,0,1711002905847,1711002991651,0
240321MMTHD000111254,240321MMTHD000111254001,BCEV000287,B,C,EV,"EVENT 아메리카노",1,1000,1,NULL,3,2,1,0,0,0,0,0,0,0,0,0,0,0,0,0,0,0,0,0,0,0,0,0,0,0,0,0,0,0,0,0,0,0,0,0,0,0,0,0,0,0,1711002924271,1711002980320,0
240321MMTHD000111255,240321MMTHD000111255001,FDDS000118,F,D,DS,"오울트리 바나나 칩",2,3000,1,NULL,0,0,0,0,0,0,0,0,0,0,0,0,0,0,0,0,0,0,0,0,0,0,0,0,0,0,0,0,0,0,0,0,0,0,0,0,0,0,0,0,0,0,1711003175047,1711003176047,0
240321MMTHD000111256,240321MMTHD000111256001,BCEV000287,B,C,EV,"EVENT 아메리카노",1,1000,1,NULL,3,2,1,0,0,0,0,0,0,0,0,0,0,0,0,0,0,0,0,0,0,0,0,0,0,0,0,0,0,0,0,0,0,0,0,0,0,0,0,0,0,0,1711003228064,1711003333094,0
240321MMTHD000111256,240321MMTHD000111256002,BCEV000287,B,C,EV,"EVENT 아메리카노",1,1000,1,NULL,3,2,2,0,0,0,0,0,0,0,0,0,0,0,0,0,0,0,0,0,0,0,0,0,0,0,0,0,0,0,0,0,0,0,0,0,0,0,0,0,0,0,1711003227683,1711003322653,0
240321MMTHD000111256,240321MMTHD000111256003,BCEV000287,B,C,EV,"EVENT 아메리카노",1,1000,1,NULL,3,2,2,0,0,0,0,0,0,0,0,0,0,0,0,0,0,0,0,0,0,0,0,0,0,0,0,0,0,0,0,0,0,0,0,0,0,0,0,0,0,0,1711003227093,1711003323180,0
240321MMTHD000111256,240321MMTHD000111256004,BCEV000288,B,C,EV,"EVENT 꿀라떼",1,1000,1,NULL,2,2,1,0,0,0,0,0,0,0,0,0,0,0,0,0,0,0,0,0,0,0,0,0,0,0,0,0,0,0,0,0,0,0,0,0,0,0,0,0,0,0,1711003205206,1711003370077,0
240321MMTHD000111256,240321MMTHD000111256005,BNEV000289,B,N,EV,"EVENT 레몬밤민트티",1,2000,1,NULL,2,2,1,0,0,0,0,0,0,0,0,0,0,0,0,0,0,0,0,0,0,0,0,0,0,0,0,0,0,0,0,0,0,0,0,0,0,0,0,0,0,0,1711003211128,1711003385560,0
240321MMTHD000111258,240321MMTHD000111258001,BNEV000290,B,N,EV,"EVENT 매머드에이드",1,2000,1,NULL,3,2,1,0,0,0,0,0,0,0,0,0,0,0,0,0,0,0,0,0,0,0,0,0,0,0,0,0,0,0,0,0,0,0,0,0,0,0,0,0,0,0,1711003521389,1711003661808,0
240321MMTHD000111258,240321MMTHD000111258002,BCEV000287,B,C,EV,"EVENT 아메리카노",1,1000,1,NULL,3,2,2,0,0,0,0,0,0,0,0,0,0,0,0,0,0,0,0,0,0,0,0,0,0,0,0,0,0,0,0,0,0,0,0,0,0,0,0,0,0,0,1711003522716,1711003661808,0
240321MMTHD000111259,240321MMTHD000111259001,BCEV000287,B,C,EV,"EVENT 아메리카노",1,1000,1,NULL,3,2,1,0,0,0,0,0,0,0,0,0,0,0,0,0,0,0,0,0,0,0,0,0,0,0,0,0,0,0,0,0,0,0,0,0,0,0,0,0,0,0,1711004064345,1711004065345,0
240321MMTHD000111259,240321MMTHD000111259002,BNNW000230,B,N,NW,"딸기 듬뿍 라떼",1,4500,1,NULL,2,2,1,0,0,0,0,1,0,0,0,0,0,0,0,0,0,0,0,0,0,0,0,0,0,0,0,0,0,0,0,0,0,0,0,0,0,0,0,0,0,0,1711004064345,1711004065345,0
240321MMTHD000111260,240321MMTHD000111260001,BCCF000023,B,C,CF,아메리카노,1,1600,1,NULL,2,2,1,0,0,0,0,0,0,0,0,0,0,0,0,0,0,0,0,0,0,0,0,0,0,0,0,0,0,0,0,0,0,0,0,0,0,0,0,0,0,0,1711004145177,1711004146177,0
240321MMTHD000111261,240321MMTHD000111261001,BNEV000290,B,N,EV,"EVENT 매머드에이드",1,2000,1,NULL,3,2,1,0,0,0,0,0,0,0,0,0,0,0,0,0,0,0,0,0,0,0,0,0,0,0,0,0,0,0,0,0,0,0,0,0,0,0,0,0,0,0,1711004536946,1711004637207,0
240321MMTHD000111262,240321MMTHD000111262001,BCEV000288,B,C,EV,"EVENT 꿀라떼",1,1000,1,NULL,2,2,1,0,0,0,0,0,0,0,0,0,0,0,0,0,0,0,0,0,0,0,0,0,0,0,0,0,0,0,0,0,0,0,0,0,0,0,0,0,0,0,1711004516504,1711004644314,0
240321MMTHD000111263,240321MMTHD000111263001,BCEV000288,B,C,EV,"EVENT 꿀라떼",1,1000,1,NULL,2,2,2,0,0,0,0,0,0,0,0,0,0,0,0,0,0,0,0,0,0,0,0,0,0,0,0,0,0,0,0,0,0,0,1,400,0,0,0,0,0,0,1711004708121,1711004709121,0
240321MMTHD000111264,240321MMTHD000111264001,BNEV000290,B,N,EV,"EVENT 매머드에이드",1,2000,1,NULL,3,2,1,0,0,0,0,0,0,0,0,0,0,0,0,0,0,0,0,0,0,0,0,0,0,0,0,0,0,0,0,0,0,0,0,0,0,0,0,0,0,0,1711004727602,1711004940135,0
240321MMTHD000111264,240321MMTHD000111264002,BNEV000290,B,N,EV,"EVENT 매머드에이드",1,2000,1,NULL,3,2,1,0,0,0,0,0,0,0,0,0,0,0,0,0,0,0,0,0,0,0,0,0,0,0,0,0,0,0,0,0,0,0,0,0,0,0,0,0,0,0,1711004728065,1711004940135,0
240321MMTHD000111265,240321MMTHD000111265001,BCEV000287,B,C,EV,"EVENT 아메리카노",1,1000,1,NULL,3,2,1,0,0,0,0,0,0,0,0,0,0,0,0,0,0,0,0,0,0,0,0,0,0,0,0,0,0,0,0,0,0,0,0,0,0,0,0,0,0,0,1711004869319,1711005018628,0
240321MMTHD000111265,240321MMTHD000111265002,BNEV000290,B,N,EV,"EVENT 매머드에이드",1,2000,1,NULL,3,2,1,0,0,0,0,0,0,0,0,0,0,0,0,0,0,0,0,0,0,0,0,0,0,0,0,0,0,0,0,0,0,0,0,0,0,0,0,0,0,0,1711004869700,1711005018628,0
240321MMTHD000111266,240321MMTHD000111266001,BCEV000287,B,C,EV,"EVENT 아메리카노",1,1000,1,NULL,3,2,1,0,0,0,0,0,0,0,0,0,0,0,0,0,0,0,0,0,0,0,0,0,0,0,0,0,0,0,0,0,0,0,0,0,0,0,0,0,0,0,1711004979438,1711005144520,0
240321MMTHD000111266,240321MMTHD000111266002,BCEV000287,B,C,EV,"EVENT 아메리카노",1,1000,1,NULL,3,2,1,0,0,0,0,0,0,0,0,0,0,0,0,0,0,0,0,0,0,0,0,0,0,0,0,0,0,0,0,0,0,0,0,0,0,0,0,0,0,0,1711004980083,1711005144520,0
240321MMTHD000111266,240321MMTHD000111266003,BCEV000287,B,C,EV,"EVENT 아메리카노",1,1000,1,NULL,3,2,1,0,0,0,0,0,0,0,0,0,0,0,0,0,0,0,0,0,0,0,0,0,0,0,0,0,0,0,0,0,0,0,0,0,0,0,0,0,0,0,1711004980693,1711005144520,0
240321MMTHD000111266,240321MMTHD000111266004,BCEV000287,B,C,EV,"EVENT 아메리카노",1,1000,1,NULL,3,2,2,0,0,0,0,0,0,0,0,0,0,0,0,0,0,0,0,0,0,0,0,0,0,0,0,0,0,0,0,0,0,0,0,0,0,0,0,0,0,0,1711004981284,1711005144520,0
240321MMTHD000111267,240321MMTHD000111267001,BNEV000290,B,N,EV,"EVENT 매머드에이드",1,2000,1,NULL,3,2,1,0,0,0,0,0,0,0,0,0,0,0,0,0,0,0,0,0,0,0,0,0,0,0,0,0,0,0,0,0,0,0,0,0,0,0,0,0,0,0,1711005221351,1711005491059,0
240321MMTHD000111267,240321MMTHD000111267002,BNEV000289,B,N,EV,"EVENT 레몬밤민트티",1,2000,1,NULL,2,2,1,0,0,0,0,0,0,0,0,0,0,0,0,0,0,0,0,0,0,0,0,0,0,0,0,0,0,0,0,0,0,0,0,0,0,0,0,0,0,0,1711005221770,1711005486899,0
240321MMTHD000111267,240321MMTHD000111267003,BCEV000288,B,C,EV,"EVENT 꿀라떼",1,1000,1,NULL,2,2,1,0,0,0,0,0,0,0,0,0,0,0,0,0,0,0,0,0,0,0,0,0,0,0,0,0,0,0,0,0,0,0,0,0,0,0,0,0,0,0,1711005222353,1711005496213,0
240321MMTHD000111267,240321MMTHD000111267004,BCEV000288,B,C,EV,"EVENT 꿀라떼",1,1000,1,NULL,2,2,1,0,0,0,0,0,0,0,0,0,0,0,0,0,0,0,0,0,0,0,0,0,0,0,0,0,0,0,0,0,0,0,0,0,0,0,0,0,0,0,1711005222861,1711005570182,0
240321MMTHD000111267,240321MMTHD000111267005,BCEV000288,B,C,EV,"EVENT 꿀라떼",1,1000,1,NULL,2,2,2,0,0,0,0,0,0,0,0,0,0,0,0,0,0,0,0,0,0,0,0,0,0,0,0,0,0,0,0,0,0,0,0,0,0,0,0,0,0,0,1711005223290,1711005570182,0
240321MMTHD000111267,240321MMTHD000111267006,BCEV000288,B,C,EV,"EVENT 꿀라떼",1,1000,1,NULL,2,2,2,0,0,0,0,0,0,0,0,0,0,0,0,0,0,0,0,0,0,0,0,0,0,0,0,0,0,0,0,0,0,0,0,0,0,0,0,0,0,0,1711005223668,1711005570182,0
240321MMTHD000111267,240321MMTHD000111267007,BCEV000287,B,C,EV,"EVENT 아메리카노",1,1000,1,NULL,3,2,1,0,0,0,0,0,0,0,0,0,0,0,0,0,0,0,0,0,0,0,0,0,0,0,0,0,0,0,0,0,0,0,0,0,0,0,0,0,0,0,1711005225145,1711005570182,0
240321MMTHD000111267,240321MMTHD000111267008,BCEV000287,B,C,EV,"EVENT 아메리카노",1,1000,1,NULL,3,2,2,0,0,0,0,0,0,0,0,0,0,0,0,0,0,0,0,0,0,0,0,0,0,0,0,0,0,0,0,0,0,0,0,0,0,0,0,0,0,0,1711005225537,1711005502791,0
240321MMTHD000111268,240321MMTHD000111268001,BNEV000290,B,N,EV,"EVENT 매머드에이드",1,2000,1,NULL,3,2,1,0,0,0,0,0,0,0,0,0,0,0,0,0,0,0,0,0,0,0,0,0,0,0,0,0,0,0,0,0,0,0,0,0,0,0,0,0,0,0,1711005451374,1711005646993,0
240321MMTHD000111268,240321MMTHD000111268002,BCEV000287,B,C,EV,"EVENT 아메리카노",1,1000,1,NULL,3,2,1,0,0,0,0,0,0,0,0,0,0,0,0,0,0,0,0,0,0,0,0,0,0,0,0,0,0,0,0,0,0,0,0,0,0,0,0,0,0,0,1711005486933,1711005646993,0
240321MMTHD000111269,240321MMTHD000111269001,BCEV000287,B,C,EV,"EVENT 아메리카노",1,1000,1,NULL,3,2,1,0,0,0,0,0,0,0,0,0,0,0,0,0,0,0,0,0,0,0,0,0,0,0,0,0,0,0,0,0,0,0,0,0,0,0,0,0,0,0,1711005487703,1711005702841,0
240321MMTHD000111270,240321MMTHD000111270001,BCEV000288,B,C,EV,"EVENT 꿀라떼",1,1000,1,NULL,2,2,2,0,0,0,0,0,0,0,0,0,0,0,0,0,0,0,0,0,0,0,0,0,0,0,0,0,0,0,0,0,0,0,0,0,0,0,0,0,0,0,1711005539825,1711005713584,0
240321MMTHD000111271,240321MMTHD000111271001,BCEV000288,B,C,EV,"EVENT 꿀라떼",1,1000,1,NULL,2,2,2,0,0,0,0,0,0,0,0,0,0,0,0,0,0,0,0,0,0,0,0,0,0,0,0,0,0,0,0,0,0,0,0,0,0,0,0,0,0,0,1711005720060,1711005721060,0
240321MMTHD000111271,240321MMTHD000111271002,BNEV000290,B,N,EV,"EVENT 매머드에이드",1,2000,1,NULL,3,2,1,0,0,0,0,0,0,0,0,0,0,0,0,0,0,0,0,0,0,0,0,0,0,0,0,0,0,0,0,0,0,0,0,0,0,0,0,0,0,0,1711005556173,1711005721060,0
240321MMTHD000111272,240321MMTHD000111272001,BCEV000287,B,C,EV,"EVENT 아메리카노",1,1000,1,NULL,3,2,1,0,0,0,0,0,0,0,0,0,0,0,0,0,0,0,0,0,0,0,0,0,0,0,0,0,0,0,0,0,0,0,1,400,0,0,0,0,0,0,1711005698437,1711005748163,0
240321MMTHD000111273,240321MMTHD000111273001,BCEV000288,B,C,EV,"EVENT 꿀라떼",1,1000,1,NULL,2,2,2,0,0,0,0,0,0,0,0,0,0,0,0,0,0,0,0,0,0,0,0,0,0,0,0,0,0,0,0,0,0,0,0,0,0,0,0,0,0,0,1711006223515,1711006386733,0
240321MMTHD000111274,240321MMTHD000111274001,BCCF000020,B,C,CF,"바닐라 라떼",1,2500,1,NULL,1,2,2,0,0,0,0,1,0,0,0,0,0,0,0,0,0,0,0,0,0,0,0,0,0,0,0,0,0,0,0,0,0,0,0,0,0,0,0,0,0,0,1711006234123,1711006395491,0
240321MMTHD000111274,240321MMTHD000111274002,BCCF000020,B,C,CF,"바닐라 라떼",1,2500,1,NULL,1,2,2,0,0,0,0,1,0,0,0,0,0,0,0,0,0,0,0,0,0,0,0,0,0,0,0,0,0,0,0,0,0,0,0,0,0,0,0,0,0,0,1711006394491,1711006395491,0
240321MMTHD000111275,240321MMTHD000111275001,BCEV000288,B,C,EV,"EVENT 꿀라떼",1,1000,1,NULL,2,2,2,0,0,0,0,0,0,0,0,0,0,0,0,0,0,0,0,0,0,0,0,0,0,0,0,0,0,0,0,0,0,0,0,0,0,0,0,0,0,0,1711006445325,1711006446325,0
240321MMTHD000111276,240321MMTHD000111276001,BCEV000287,B,C,EV,"EVENT 아메리카노",1,1000,1,NULL,3,2,2,0,0,0,0,0,0,0,0,0,0,0,0,0,0,0,0,0,0,0,0,0,0,0,0,0,0,0,0,0,0,0,1,400,0,0,0,0,0,0,1711006341598,1711006480220,0
240321MMTHD000111277,240321MMTHD000111277001,FDDS000096,F,D,DS,"매머드 미트 칠리 핫도그",2,4900,1,NULL,0,0,0,0,0,0,0,0,0,0,0,0,0,0,0,0,0,0,0,0,0,0,0,0,0,0,0,0,0,0,0,0,0,0,0,0,0,0,0,0,0,0,1711006587657,1711006588657,0
240321MMTHD000111278,240321MMTHD000111278001,BCEV000288,B,C,EV,"EVENT 꿀라떼",1,1000,1,NULL,2,2,1,0,0,0,0,0,0,0,0,0,0,0,0,0,0,0,0,0,0,0,0,0,0,0,0,0,0,0,0,0,0,0,0,0,0,0,0,0,0,0,1711006598642,1711006599642,0
240321MMTHD000111279,240321MMTHD000111279001,BCEV000287,B,C,EV,"EVENT 아메리카노",1,1000,1,NULL,3,2,1,0,0,0,0,0,0,0,0,0,0,0,0,0,0,0,0,0,0,0,0,0,0,0,0,0,0,0,0,0,0,0,0,0,0,0,0,0,0,0,1711006607439,1711006655360,0
240321MMTHD000111279,240321MMTHD000111279002,BCEV000287,B,C,EV,"EVENT 아메리카노",1,1000,1,NULL,3,2,1,0,0,0,0,0,0,0,0,0,0,0,0,0,0,0,0,0,0,0,0,0,0,0,0,0,0,0,0,0,0,0,0,0,0,0,0,0,0,0,1711006607739,1711006655360,0
240321MMTHD000111280,240321MMTHD000111280001,BCEV000287,B,C,EV,"EVENT 아메리카노",1,1000,1,NULL,3,2,1,0,0,0,0,0,0,0,0,0,0,0,0,0,0,0,0,0,0,0,0,0,0,0,0,0,0,0,0,0,0,0,0,0,0,0,0,0,0,0,1711006716888,1711006762913,0
240321MMTHD000111281,240321MMTHD000111281001,BCEV000287,B,C,EV,"EVENT 아메리카노",1,1000,1,NULL,3,2,1,0,0,0,0,0,0,0,0,0,0,0,0,0,0,0,0,0,0,0,0,0,0,0,0,0,0,0,0,0,0,0,0,0,0,0,0,0,0,0,1711006880695,1711006935317,0
240321MMTHD000111282,240321MMTHD000111282001,BCEV000287,B,C,EV,"EVENT 아메리카노",1,1000,1,NULL,3,2,1,0,0,0,0,0,0,0,0,0,0,0,0,0,0,0,0,0,0,0,0,0,0,0,0,0,0,0,0,0,0,0,0,0,0,0,0,0,0,0,1711007163075,1711007164075,0
240321MMTHD000111282,240321MMTHD000111282002,BCCF000003,B,C,CF,"녹차 샷 라떼",1,3700,1,NULL,2,2,2,0,0,0,0,1,0,0,0,0,0,0,0,0,0,0,0,0,0,0,0,0,0,0,0,0,0,0,0,0,0,0,0,0,0,0,0,0,0,0,1711007163075,1711007164075,0
240321MMTHD000111283,240321MMTHD000111283001,BCEV000287,B,C,EV,"EVENT 아메리카노",1,1000,1,NULL,3,2,1,0,0,0,0,0,0,0,0,0,0,0,0,0,0,0,0,0,0,0,0,0,0,0,0,0,0,0,0,0,0,0,0,0,0,0,0,0,0,0,1711007557365,1711007558365,0
240321MMTHD000111284,240321MMTHD000111284001,BNEV000289,B,N,EV,"EVENT 레몬밤민트티",1,2000,1,NULL,2,2,2,0,0,0,0,0,0,0,0,0,0,0,0,0,0,0,0,0,0,0,0,0,0,0,0,0,0,0,0,0,0,0,0,0,0,0,0,0,0,0,1711007604347,1711007605347,0
240321MMTHD000111284,240321MMTHD000111284002,BCEV000287,B,C,EV,"EVENT 아메리카노",1,1000,1,NULL,3,2,2,0,0,0,0,0,0,0,0,0,0,0,0,0,0,0,0,0,0,0,0,0,0,0,0,0,0,0,0,0,0,0,0,0,0,0,0,0,0,0,1711007604347,1711007605347,0
240321MMTHD000111284,240321MMTHD000111284003,BCEV000288,B,C,EV,"EVENT 꿀라떼",1,1000,1,NULL,2,2,2,0,0,0,0,0,0,0,0,0,0,0,0,0,0,0,0,0,0,0,0,0,0,0,0,0,0,0,0,0,0,0,0,0,0,0,0,0,0,0,1711007604347,1711007605347,0
240321MMTHD000111285,240321MMTHD000111285001,BCCF000027,B,C,CF,"카페 라떼",1,2700,1,NULL,2,2,1,0,0,0,0,1,0,0,0,0,0,0,0,0,0,0,0,0,0,0,0,0,0,0,0,0,0,0,0,0,0,0,0,0,0,0,0,0,0,0,1711007648136,1711007672634,0
240321MMTHD000111286,240321MMTHD000111286001,BCEV000287,B,C,EV,"EVENT 아메리카노",1,1000,1,NULL,3,2,2,0,0,0,0,0,0,0,0,0,0,0,0,0,0,0,0,0,0,0,0,0,0,0,0,0,0,0,0,0,0,0,0,0,0,0,0,0,0,0,1711007847582,1711007946076,0
240321MMTHD000111286,240321MMTHD000111286002,BCEV000287,B,C,EV,"EVENT 아메리카노",1,1000,1,NULL,3,2,1,0,0,0,0,0,0,0,0,0,0,0,0,0,0,0,0,0,0,0,0,0,0,0,0,0,0,0,0,0,0,0,0,0,0,0,0,0,0,0,1711007848352,1711007946076,0
240321MMTHD000111286,240321MMTHD000111286003,BCEV000287,B,C,EV,"EVENT 아메리카노",1,1000,1,NULL,3,2,1,0,0,0,0,0,0,0,0,0,0,0,0,0,0,0,0,0,0,0,0,0,0,0,0,0,0,0,0,0,0,0,0,0,0,0,0,0,0,0,1711007848753,1711007946076,0
240321MMTHD000111286,240321MMTHD000111286004,BCEV000288,B,C,EV,"EVENT 꿀라떼",1,1000,1,NULL,2,2,1,0,0,0,0,0,0,0,0,0,0,0,0,0,0,0,0,0,0,0,0,0,0,0,0,0,0,0,0,0,0,0,0,0,0,0,0,0,0,0,1711007849145,1711007946076,0
240321MMTHD000111286,240321MMTHD000111286005,FDDS000107,F,D,DS,"바닐라 비스킷 슈",2,1900,1,NULL,0,0,0,0,0,0,0,0,0,0,0,0,0,0,0,0,0,0,0,0,0,0,0,0,0,0,0,0,0,0,0,0,0,0,0,0,0,0,0,0,0,0,1711007849517,1711007946076,0
240321MMTHD000111286,240321MMTHD000111286006,FDDS000105,F,D,DS,"바나나 쿠키",2,1500,1,NULL,0,0,0,0,0,0,0,0,0,0,0,0,0,0,0,0,0,0,0,0,0,0,0,0,0,0,0,0,0,0,0,0,0,0,0,0,0,0,0,0,0,0,1711007849881,1711007946076,0
240321MMTHD000111286,240321MMTHD000111286007,FDDS000120,F,D,DS,"초코 비스킷 슈",2,1900,1,NULL,0,0,0,0,0,0,0,0,0,0,0,0,0,0,0,0,0,0,0,0,0,0,0,0,0,0,0,0,0,0,0,0,0,0,0,0,0,0,0,0,0,0,1711007851209,1711007946076,0
240321MMTHD000111286,240321MMTHD000111286008,FDDS000090,F,D,DS,"매머드 고메버터 초코 스콘 ",2,2900,1,NULL,0,0,0,0,0,0,2,0,0,0,0,0,0,0,0,0,0,0,0,0,0,0,0,0,0,0,0,0,0,0,0,0,0,0,0,0,0,0,0,0,0,0,1711007851432,1711007946076,0
240321MMTHD000111286,240321MMTHD000111286009,FDDS000090,F,D,DS,"매머드 고메버터 초코 스콘 ",2,2900,1,NULL,0,0,0,0,0,0,2,0,0,0,0,0,0,0,0,0,0,0,0,0,0,0,0,0,0,0,0,0,0,0,0,0,0,0,0,0,0,0,0,0,0,0,1711007851793,1711007946076,0
240321MMTHD000111286,240321MMTHD000111286010,FDDS000091,F,D,DS,"매머드 고메버터 플레인 스콘",2,2900,1,NULL,0,0,0,0,0,0,2,0,0,0,0,0,0,0,0,0,0,0,0,0,0,0,0,0,0,0,0,0,0,0,0,0,0,0,0,0,0,0,0,0,0,0,1711007852065,1711007946076,0
240321MMTHD000111287,240321MMTHD000111287001,BCEV000288,B,C,EV,"EVENT 꿀라떼",1,1000,1,NULL,2,2,1,0,0,0,0,0,0,0,0,0,0,0,0,0,0,0,0,0,0,0,0,0,0,0,0,0,0,0,0,0,0,0,1,400,0,0,0,0,0,0,1711008394332,1711008519776,0
240321MMTHD000111287,240321MMTHD000111287002,BNEV000289,B,N,EV,"EVENT 레몬밤민트티",1,2000,1,NULL,2,2,1,0,0,0,0,0,0,0,0,0,0,0,0,0,0,0,0,0,0,0,0,0,0,0,0,0,0,0,0,0,0,0,0,0,0,0,0,0,0,0,1711008392603,1711008519776,0
240321MMTHD000111288,240321MMTHD000111288001,BNEV000290,B,N,EV,"EVENT 매머드에이드",1,2000,1,NULL,3,2,1,0,0,0,0,0,0,0,0,0,0,0,0,0,0,0,0,0,0,0,0,0,0,0,0,0,0,0,0,0,0,0,0,0,0,0,0,0,0,0,1711009989601,1711010144596,0
240321MMTHD000111289,240321MMTHD000111289001,BCEV000287,B,C,EV,"EVENT 아메리카노",1,1400,1,NULL,3,2,1,0,0,0,0,0,0,0,0,0,0,0,0,0,0,0,0,0,0,0,0,0,0,0,0,0,0,0,0,0,0,0,2,1600,0,0,0,0,0,0,1711010535205,1711010536205,0
240321MMTHD000111290,240321MMTHD000111290001,BCCF000013,B,C,CF,"디카페인 아인슈페너 라떼",1,4200,1,NULL,1,2,1,0,0,0,0,0,0,0,0,0,0,0,0,0,0,0,0,0,0,0,0,0,0,0,0,0,0,0,0,0,0,0,0,0,0,0,0,0,0,0,1711010535403,1711010536403,0
240321MMTHD000111291,240321MMTHD000111291001,FDDS000113,F,D,DS,소금빵,2,2800,1,NULL,0,0,0,0,0,0,0,0,0,0,0,0,0,0,0,0,0,0,0,0,0,0,0,0,0,0,0,0,0,0,0,0,0,0,0,0,0,0,0,0,0,0,1711010880783,1711010881783,0
240321MMTHD000111291,240321MMTHD000111291002,BNLT000044,B,N,LT,"달고나 라떼",1,4000,1,NULL,2,2,1,0,0,0,0,5,0,0,0,0,0,0,0,0,0,0,0,0,0,0,0,0,0,0,0,0,0,0,0,0,0,0,0,0,0,0,0,0,0,0,1711010880783,1711010881783,0
240321MMTHD000111292,240321MMTHD000111292001,BCCF000023,B,C,CF,아메리카노,1,1600,1,NULL,2,2,1,0,0,0,0,0,0,0,0,0,0,0,0,0,0,0,0,0,0,0,0,0,0,0,0,0,0,0,0,0,0,0,0,0,0,0,0,0,0,0,1711011040708,1711011105229,0
240321MMTHD000111293,240321MMTHD000111293001,BCEV000287,B,C,EV,"EVENT 아메리카노",1,1000,1,NULL,3,2,1,0,0,0,0,0,0,0,0,0,0,0,0,0,0,0,0,0,0,0,0,0,0,0,0,0,0,0,0,0,0,0,0,0,0,0,0,0,0,0,1711011332595,1711011495937,0
240321MMTHD000111293,240321MMTHD000111293002,BCEV000288,B,C,EV,"EVENT 꿀라떼",1,1000,1,NULL,2,2,1,0,0,0,0,0,0,0,0,0,0,0,0,0,0,0,0,0,0,0,0,0,0,0,0,0,0,0,0,0,0,0,0,0,0,0,0,0,0,0,1711011332413,1711011495937,0
240321MMTHD000111293,240321MMTHD000111293003,BNEV000289,B,N,EV,"EVENT 레몬밤민트티",1,2000,1,NULL,2,2,2,0,0,0,0,0,0,0,0,0,0,0,0,0,0,0,0,0,0,0,0,0,0,0,0,0,0,0,0,0,0,0,0,0,0,0,0,0,0,0,1711011332203,1711011495937,0
240321MMTHD000111294,240321MMTHD000111294001,BCEV000287,B,C,EV,"EVENT 아메리카노",1,1000,1,NULL,3,2,1,0,0,0,0,0,0,0,0,0,0,0,0,0,0,0,0,0,0,0,0,0,0,0,0,0,0,0,0,0,0,0,0,0,0,0,0,0,0,0,1711011944389,1711012461981,0
240321MMTHD000111294,240321MMTHD000111294002,BCEV000287,B,C,EV,"EVENT 아메리카노",1,1000,1,NULL,3,2,1,0,0,0,0,0,0,0,0,0,0,0,0,0,0,0,0,0,0,0,0,0,0,0,0,0,0,0,0,0,0,0,0,0,0,0,0,0,0,0,1711011945463,1711012461981,0
240321MMTHD000111294,240321MMTHD000111294003,BCEV000287,B,C,EV,"EVENT 아메리카노",1,1000,1,NULL,3,2,1,0,0,0,0,0,0,0,0,0,0,0,0,0,0,0,0,0,0,0,0,0,0,0,0,0,0,0,0,0,0,0,0,0,0,0,0,0,0,0,1711011945780,1711012461981,0
240321MMTHD000111294,240321MMTHD000111294004,BNLT000047,B,N,LT,"초코 라떼",1,2900,1,NULL,2,2,1,0,0,0,0,1,0,0,0,0,0,0,0,0,0,0,0,0,0,0,0,0,0,0,0,0,0,0,0,0,0,0,0,0,0,0,0,0,0,0,1711011946109,1711012461981,0
240321MMTHD000111294,240321MMTHD000111294005,BNLT000047,B,N,LT,"초코 라떼",1,2900,1,NULL,2,2,1,0,0,0,0,1,0,0,0,0,0,0,0,0,0,0,0,0,0,0,0,0,0,0,0,0,0,0,0,0,0,0,0,0,0,0,0,0,0,0,1711011946392,1711012461981,0
240321MMTHD000111295,240321MMTHD000111295001,BCEV000288,B,C,EV,"EVENT 꿀라떼",1,1000,1,NULL,2,2,1,0,0,0,0,0,0,0,0,0,0,0,0,0,0,0,0,0,0,0,0,0,0,0,0,0,0,0,0,0,0,0,0,0,0,0,0,0,0,0,1711012240406,1711012241406,0
240321MMTHD000111296,240321MMTHD000111296001,BNLT000047,B,N,LT,"초코 라떼",1,2900,1,NULL,2,2,1,0,0,0,0,1,0,0,0,0,0,0,0,0,0,0,0,0,0,0,0,0,0,0,0,0,0,0,0,0,0,0,0,0,0,0,0,0,0,0,1711012350220,1711012351220,0
240321MMTHD000111297,240321MMTHD000111297001,BCEV000288,B,C,EV,"EVENT 꿀라떼",1,1000,1,NULL,2,2,2,0,0,0,0,0,0,0,0,0,0,0,0,0,0,0,0,0,0,0,0,0,0,0,0,0,0,0,0,0,0,0,0,0,0,0,0,0,0,0,1711013171515,1711013172515,0
240321MMTHD000111298,240321MMTHD000111298001,BCEV000287,B,C,EV,"EVENT 아메리카노",1,1000,1,NULL,3,2,1,0,0,0,0,0,0,0,0,0,0,0,0,0,0,0,0,0,0,0,0,0,0,0,0,0,0,0,0,0,0,0,0,0,0,0,0,0,0,0,1711013126176,1711013172768,0
240321MMTHD000111298,240321MMTHD000111298002,BCEV000287,B,C,EV,"EVENT 아메리카노",1,1000,1,NULL,3,2,1,0,0,0,0,0,0,0,0,0,0,0,0,0,0,0,0,0,0,0,0,0,0,0,0,0,0,0,0,0,0,0,0,0,0,0,0,0,0,0,1711013126592,1711013172768,0
240321MMTHD000111298,240321MMTHD000111298003,BNNW000230,B,N,NW,"딸기 듬뿍 라떼",1,4500,1,NULL,2,2,1,0,0,0,0,1,0,0,0,0,0,0,0,0,0,0,0,0,0,0,0,0,0,0,0,0,0,0,0,0,0,0,0,0,0,0,0,0,0,0,1711013127811,1711013172768,0
240321MMTHD000111300,240321MMTHD000111300001,BCCF000027,B,C,CF,"카페 라떼",1,2700,1,NULL,2,2,1,0,0,0,0,3,0,0,0,0,0,0,0,0,0,0,0,0,0,0,0,0,0,0,0,0,0,0,0,0,0,0,0,0,0,0,0,0,0,0,1711013969693,1711014104065,0
240321MMTHD000111301,240321MMTHD000111301001,BCEV000287,B,C,EV,"EVENT 아메리카노",1,1000,1,NULL,3,2,2,0,0,0,0,0,0,0,0,0,0,0,0,0,0,0,0,0,0,0,0,0,0,0,0,0,0,0,0,0,0,0,0,0,0,0,0,0,0,0,1711014933735,1711015083192,0
240321MMTHD000111301,240321MMTHD000111301002,BCEV000287,B,C,EV,"EVENT 아메리카노",1,1000,1,NULL,3,2,1,0,0,0,0,0,0,0,0,0,0,0,0,0,0,0,0,0,0,0,0,0,0,0,0,0,0,0,0,0,0,0,0,0,0,0,0,0,0,0,1711015082192,1711015083192,0
240321MMTHD000111302,240321MMTHD000111302001,BCCF000002,B,C,CF,"꿀 커피",1,2300,1,NULL,2,2,1,0,0,0,0,0,0,0,0,0,0,0,0,0,0,0,0,0,0,0,0,0,0,0,0,0,0,0,0,0,0,0,0,0,0,0,0,0,0,0,1711015346963,1711015347963,0
240321MMTHD000111303,240321MMTHD000111303001,BNEV000290,B,N,EV,"EVENT 매머드에이드",1,2000,1,NULL,3,2,1,0,0,0,0,0,0,0,0,0,0,0,0,0,0,0,0,0,0,0,0,0,0,0,0,0,0,0,0,0,0,0,0,0,0,0,0,0,0,0,1711015545492,1711015546492,0
240321MMTHD000111303,240321MMTHD000111303002,BCEV000287,B,C,EV,"EVENT 아메리카노",1,1000,1,NULL,3,2,1,0,0,0,0,0,0,0,0,0,0,0,0,0,0,0,0,0,0,0,0,0,0,0,0,0,0,0,0,0,0,0,0,0,0,0,0,0,0,0,1711015545492,1711015546492,0
240321MMTHD000111304,240321MMTHD000111304001,BCCF000002,B,C,CF,"꿀 커피",1,2300,1,NULL,2,2,2,0,0,0,0,0,0,0,0,0,0,0,1,400,0,0,0,0,0,0,0,0,0,0,0,0,0,0,0,0,0,0,0,0,0,0,0,0,0,0,1711015794747,1711015840246,0
240321MMTHD000111305,240321MMTHD000111305001,BCEV000287,B,C,EV,"EVENT 아메리카노",1,1000,1,NULL,3,2,1,0,0,0,0,0,0,0,0,0,0,0,0,0,0,0,0,0,0,0,0,0,0,0,0,0,0,0,0,0,0,0,0,0,0,0,0,0,0,0,1711016186938,1711016187938,0
240321MMTHD000111305,240321MMTHD000111305002,BCEV000287,B,C,EV,"EVENT 아메리카노",1,1000,1,NULL,3,2,1,0,0,0,0,0,0,0,0,0,0,0,0,0,0,0,0,0,0,0,0,0,0,0,0,0,0,0,0,0,0,0,0,0,0,0,0,0,0,0,1711016186938,1711016187938,0
240321MMTHD000111305,240321MMTHD000111305003,BCEV000288,B,C,EV,"EVENT 꿀라떼",1,1000,1,NULL,2,2,1,0,0,0,0,0,0,0,0,0,0,0,0,0,0,0,0,0,0,0,0,0,0,0,0,0,0,0,0,0,0,0,0,0,0,0,0,0,0,0,1711016186938,1711016187938,0
240321MMTHD000111305,240321MMTHD000111305004,BCEV000288,B,C,EV,"EVENT 꿀라떼",1,1000,1,NULL,2,2,1,0,0,0,0,0,0,0,0,0,0,0,0,0,0,0,0,0,0,0,0,0,0,0,0,0,0,0,0,0,0,0,0,0,0,0,0,0,0,0,1711016186938,1711016187938,0
240321MMTHD000111307,240321MMTHD000111307001,FDDS000111,F,D,DS,"브라우니 쿠키",2,1500,1,NULL,0,0,0,0,0,0,0,0,0,0,0,0,0,0,0,0,0,0,0,0,0,0,0,0,0,0,0,0,0,0,0,0,0,0,0,0,0,0,0,0,0,0,1711016325685,1711016326685,0
240321MMTHD000111307,240321MMTHD000111307002,FDDS000111,F,D,DS,"브라우니 쿠키",2,1500,1,NULL,0,0,0,0,0,0,0,0,0,0,0,0,0,0,0,0,0,0,0,0,0,0,0,0,0,0,0,0,0,0,0,0,0,0,0,0,0,0,0,0,0,0,1711016325685,1711016326685,0
240321MMTHD000111308,240321MMTHD000111308001,BNEV000290,B,N,EV,"EVENT 매머드에이드",1,2000,1,NULL,3,2,1,0,0,0,0,0,0,0,0,0,0,0,0,0,0,0,0,0,0,0,0,0,0,0,0,0,0,0,0,0,0,0,0,0,0,0,0,0,0,0,1711016502551,1711016503551,0
240321MMTHD000111309,240321MMTHD000111309001,BCCF000023,B,C,CF,아메리카노,1,1600,1,NULL,2,3,1,0,0,0,0,0,0,0,0,0,0,0,0,0,0,0,0,0,0,0,0,0,0,0,0,0,0,0,0,0,0,0,0,0,0,0,0,0,0,0,1711016546440,1711016547440,0
240321MMTHD000111310,240321MMTHD000111310001,BCEV000287,B,C,EV,"EVENT 아메리카노",1,1000,1,NULL,3,2,1,0,0,0,0,0,0,0,0,0,0,0,0,0,0,0,0,0,0,0,0,0,0,0,0,0,0,0,0,0,0,0,0,0,0,0,0,0,0,0,1711017763054,1711017764054,0
240321MMTHD000111310,240321MMTHD000111310002,BNLT000043,B,N,LT,"녹차 라떼",1,3300,1,NULL,2,2,1,0,0,0,0,1,0,0,0,0,0,0,0,0,0,0,0,0,0,0,0,0,0,0,0,0,0,0,0,0,0,0,0,0,0,0,0,0,0,0,1711017763054,1711017764054,0
240321MMTHD000111311,240321MMTHD000111311001,BNEV000289,B,N,EV,"EVENT 레몬밤민트티",1,2000,1,NULL,2,2,1,0,0,0,0,0,0,0,0,0,0,0,0,0,0,0,0,0,0,0,0,0,0,0,0,0,0,0,0,0,0,0,0,0,0,0,0,0,0,0,1711017839745,1711017840745,0
240321MMTHD000111311,240321MMTHD000111311002,BCEV000287,B,C,EV,"EVENT 아메리카노",1,1000,1,NULL,3,2,1,0,0,0,0,0,0,0,0,0,0,0,0,0,0,0,0,0,0,0,0,0,0,0,0,0,0,0,0,0,0,0,0,0,0,0,0,0,0,0,1711017839745,1711017840745,0
240321MMTHD000111313,240321MMTHD000111313001,BCEV000287,B,C,EV,"EVENT 아메리카노",1,1000,1,NULL,3,2,1,0,0,0,0,0,0,0,0,0,0,0,0,0,0,0,0,0,0,0,0,0,0,0,0,0,0,0,0,0,0,0,0,0,0,0,0,0,0,0,1711018249703,1711018386666,0
240321MMTHD000111313,240321MMTHD000111313002,BCEV000287,B,C,EV,"EVENT 아메리카노",1,1000,1,NULL,3,2,1,0,0,0,0,0,0,0,0,0,0,0,0,0,0,0,0,0,0,0,0,0,0,0,0,0,0,0,0,0,0,0,0,0,0,0,0,0,0,0,1711018249948,1711018386666,0
240321MMTHD000111314,240321MMTHD000111314001,BCEV000287,B,C,EV,"EVENT 아메리카노",1,1000,1,NULL,3,2,1,0,0,0,0,0,0,0,0,0,0,0,0,0,0,0,0,0,0,0,0,0,0,0,0,0,0,0,0,0,0,0,0,0,0,0,0,0,0,0,1711018445879,1711018452945,0
240321MMTHD000111315,240321MMTHD000111315001,BCEV000287,B,C,EV,"EVENT 아메리카노",1,1000,1,NULL,3,2,1,0,0,0,0,0,0,0,0,0,0,0,0,0,0,0,0,0,0,0,0,0,0,0,0,0,0,0,0,0,0,0,0,0,0,0,0,0,0,0,1711018609956,1711018618671,0
240321MMTHD000111316,240321MMTHD000111316001,BCEV000288,B,C,EV,"EVENT 꿀라떼",1,1000,1,NULL,2,2,1,0,0,0,0,0,0,0,0,0,0,0,0,0,0,0,0,0,0,0,0,0,0,0,0,0,0,0,0,0,0,0,0,0,0,0,0,0,0,0,1711018752158,1711018930686,0
240321MMTHD000111316,240321MMTHD000111316002,BNEV000290,B,N,EV,"EVENT 매머드에이드",1,2000,1,NULL,3,2,1,0,0,0,0,0,0,0,0,0,0,0,0,0,0,0,0,0,0,0,0,0,0,0,0,0,0,0,0,0,0,0,0,0,0,0,0,0,0,0,1711018748952,1711018936403,0
240321MMTHD000111317,240321MMTHD000111317001,BCCF000023,B,C,CF,아메리카노,1,1200,1,NULL,1,2,1,0,0,0,0,0,0,0,0,0,0,0,0,0,0,0,0,0,0,0,0,0,0,0,0,0,0,0,0,0,0,0,0,0,0,0,0,0,0,0,1711019257261,1711019267598,0
240321MMTHD000111317,240321MMTHD000111317002,BCCF000023,B,C,CF,아메리카노,1,1600,1,NULL,2,2,1,0,0,0,0,0,0,0,0,0,0,0,0,0,0,0,0,0,0,0,0,0,0,0,0,0,0,0,0,0,0,0,0,0,0,0,0,0,0,0,1711019261808,1711019272287,0
240321MMTHD000111317,240321MMTHD000111317003,BCCF000023,B,C,CF,아메리카노,1,3000,1,NULL,3,2,1,0,0,0,0,0,0,0,0,0,0,0,0,0,0,0,0,0,0,0,0,0,0,0,0,0,0,0,0,0,0,0,0,0,0,0,0,0,0,0,1711019262774,1711019273457,0
240321MMTHD000111318,240321MMTHD000111318001,BCEV000288,B,C,EV,"EVENT 꿀라떼",1,1400,1,NULL,2,2,1,0,0,0,0,0,0,0,0,0,0,0,0,0,0,0,0,0,0,0,0,0,0,0,0,0,0,0,0,0,0,0,2,1600,0,0,0,0,0,0,1711019306934,1711019311285,0
240321MMTHD000121009,240321MMTHD000121009001,BCEV000287,B,C,EV,"EVENT 아메리카노",1,1000,1,NULL,3,2,1,0,0,0,0,0,0,0,0,0,0,0,0,0,0,0,0,0,0,0,0,0,0,0,0,0,0,0,0,0,0,0,0,0,0,0,0,0,0,0,1710976142302,1710976164014,0
240321MMTHD000121011,240321MMTHD000121011001,BCCF000023,B,C,CF,아메리카노,1,1600,1,NULL,2,2,2,0,0,0,0,0,0,0,0,0,0,0,0,0,0,0,0,0,0,0,0,0,0,0,0,0,0,0,0,0,0,0,0,0,0,0,0,0,0,0,1710976626698,1710976729251,0
240321MMTHD000121012,240321MMTHD000121012001,BCEV000287,B,C,EV,"EVENT 아메리카노",1,1000,1,NULL,3,2,1,0,0,0,0,0,0,0,0,0,0,0,0,0,0,0,0,0,0,0,0,0,0,0,0,0,0,0,0,0,0,0,0,0,0,0,0,0,0,0,1710977054467,1710977067072,0
240321MMTHD000121016,240321MMTHD000121016001,BCEV000287,B,C,EV,"EVENT 아메리카노",1,1000,1,NULL,3,2,1,0,0,0,0,0,0,0,0,0,0,0,0,0,0,0,0,0,0,0,0,0,0,0,0,0,0,0,0,0,0,0,0,0,0,0,0,0,0,0,1710977663925,1710977824209,0
240321MMTHD000121018,240321MMTHD000121018001,BNNW000230,B,N,NW,"딸기 듬뿍 라떼",1,4500,1,NULL,2,2,1,0,0,0,0,1,0,0,0,0,0,0,0,0,0,0,0,0,0,0,0,0,0,0,0,0,0,0,0,0,0,0,0,0,0,0,0,0,0,0,1710977692242,1710977982887,0
240321MMTHD000121020,240321MMTHD000121020001,BCCF000002,B,C,CF,"꿀 커피",1,2300,1,NULL,2,2,2,0,0,0,0,0,0,0,0,0,0,0,0,0,0,0,0,0,0,0,0,0,0,0,0,0,0,0,0,0,0,0,0,0,0,0,0,0,0,0,1710977947609,1710978057004,0
240321MMTHD000121021,240321MMTHD000121021001,BCEV000288,B,C,EV,"EVENT 꿀라떼",1,1000,1,NULL,2,2,1,0,0,0,0,0,0,0,0,0,0,0,0,0,0,0,0,0,0,0,0,0,0,0,0,0,0,0,0,0,0,0,0,0,0,0,0,0,0,0,1710977950084,1710978112315,0
240321MMTHD000121022,240321MMTHD000121022001,BCCF000020,B,C,CF,"바닐라 라떼",1,3100,1,NULL,2,2,1,0,0,0,0,1,0,0,0,0,0,0,0,0,0,0,0,0,0,0,0,0,0,0,0,0,0,0,0,0,0,0,0,0,0,0,0,0,0,0,1710977999121,1710978163537,0
240321MMTHD000121022,240321MMTHD000121022002,BCCF000020,B,C,CF,"바닐라 라떼",1,3100,1,NULL,2,2,1,0,0,0,0,1,0,0,0,0,0,0,0,0,0,0,0,0,0,0,0,0,0,0,0,0,0,0,0,0,0,0,0,0,0,0,0,0,0,0,1710978000562,1710978171235,0
240321MMTHD000121023,240321MMTHD000121023001,BCCF000150,B,C,CF,"샷추가 아메리카노",1,2000,1,NULL,2,2,2,0,0,0,0,0,0,0,0,0,0,0,0,0,0,0,0,0,0,0,0,0,0,0,0,0,0,0,0,0,0,0,0,0,0,0,0,0,0,0,1710978032324,1710978149295,0
240321MMTHD000121025,240321MMTHD000121025001,BNTA000064,B,N,TA,캐모마일티,1,3700,1,NULL,2,2,1,0,0,0,0,0,0,0,0,0,0,0,0,0,0,0,0,0,0,0,0,0,0,0,0,0,0,0,0,0,0,0,0,0,0,0,0,0,0,0,1710978205848,1710978471877,0
240321MMTHD000121027,240321MMTHD000121027001,BCEV000287,B,C,EV,"EVENT 아메리카노",1,1000,1,NULL,3,2,2,0,0,0,0,0,0,0,0,0,0,0,0,0,0,0,0,0,0,0,0,0,0,0,0,0,0,0,0,0,0,0,0,0,0,0,0,0,0,0,1710978332408,1710978406206,0
240321MMTHD000121029,240321MMTHD000121029001,BCCF000010,B,C,CF,"디카페인 아메리카노",1,3700,1,NULL,3,2,1,0,0,0,0,0,0,0,0,0,0,0,0,0,0,0,0,0,0,0,0,0,0,0,0,0,0,0,0,0,0,0,0,0,0,0,0,0,0,0,1710978350847,1710978620017,0
240321MMTHD000121030,240321MMTHD000121030001,BCCF000023,B,C,CF,아메리카노,1,1600,1,NULL,2,2,1,0,0,0,0,0,0,0,0,0,0,0,0,0,0,0,0,0,0,0,0,0,0,0,0,0,0,0,0,0,0,0,0,0,0,0,0,0,0,0,1710978357959,1710978644194,0
240321MMTHD000121030,240321MMTHD000121030002,FDNW000244,F,D,NW,"꿀 우유 크림 도넛",2,3500,1,NULL,0,0,0,0,0,0,0,0,0,0,0,0,0,0,0,0,0,0,0,0,0,0,0,0,0,0,0,0,0,0,0,0,0,0,0,0,0,0,0,0,0,0,1710978359027,1710978644194,0
240321MMTHD000121031,240321MMTHD000121031001,BCEV000287,B,C,EV,"EVENT 아메리카노",1,1000,1,NULL,3,2,1,0,0,0,0,0,0,0,0,0,0,0,0,0,0,0,0,0,0,0,0,0,0,0,0,0,0,0,0,0,0,0,0,0,0,0,0,0,0,0,1710978482666,1710978709128,0
240321MMTHD000121032,240321MMTHD000121032001,BCCF000023,B,C,CF,아메리카노,1,1600,1,NULL,2,2,1,0,0,0,0,0,0,0,0,0,0,0,0,0,0,0,0,0,0,0,0,0,0,0,0,0,0,0,0,0,0,0,0,0,0,0,0,0,0,0,1710978493943,1710978970647,0
240321MMTHD000121032,240321MMTHD000121032002,BCCF000023,B,C,CF,아메리카노,1,1600,1,NULL,2,2,1,0,0,0,0,0,0,0,0,0,0,0,0,0,0,0,0,0,0,0,0,0,0,0,0,0,0,0,0,0,0,0,0,0,0,0,0,0,0,0,1710978969647,1710978970647,0
240321MMTHD000121032,240321MMTHD000121032003,BCCF000023,B,C,CF,아메리카노,1,1600,1,NULL,2,2,1,0,0,0,0,0,0,0,0,0,0,0,0,0,0,0,0,0,0,0,0,0,0,0,0,0,0,0,0,0,0,0,0,0,0,0,0,0,0,0,1710978494939,1710978970647,0
240321MMTHD000121032,240321MMTHD000121032004,BCCF000023,B,C,CF,아메리카노,1,1600,1,NULL,2,2,1,0,0,0,0,0,0,0,0,0,0,0,0,0,0,0,0,0,0,0,0,0,0,0,0,0,0,0,0,0,0,0,0,0,0,0,0,0,0,0,1710978497275,1710978970647,0
240321MMTHD000121032,240321MMTHD000121032005,BCCF000023,B,C,CF,아메리카노,1,1600,1,NULL,2,2,1,0,0,0,0,0,0,0,0,0,0,0,0,0,0,0,0,0,0,0,0,0,0,0,0,0,0,0,0,0,0,0,0,0,0,0,0,0,0,0,1710978498144,1710978970647,0
240321MMTHD000121032,240321MMTHD000121032006,BCCF000023,B,C,CF,아메리카노,1,1600,1,NULL,2,2,1,0,0,0,0,0,0,0,0,0,0,0,0,0,0,0,0,0,0,0,0,0,0,0,0,0,0,0,0,0,0,0,0,0,0,0,0,0,0,0,1710978499088,1710978761419,0
240321MMTHD000121032,240321MMTHD000121032007,BCCF000023,B,C,CF,아메리카노,1,1600,1,NULL,2,2,1,0,0,0,0,0,0,0,0,0,0,0,0,0,0,0,0,0,0,0,0,0,0,0,0,0,0,0,0,0,0,0,0,0,0,0,0,0,0,0,1710978500464,1710978757834,0
240321MMTHD000121032,240321MMTHD000121032008,BCCF000023,B,C,CF,아메리카노,1,1600,1,NULL,2,2,1,0,0,0,0,0,0,0,0,0,0,0,0,0,0,0,0,0,0,0,0,0,0,0,0,0,0,0,0,0,0,0,0,0,0,0,0,0,0,0,1710978501478,1710978754975,0
240321MMTHD000121032,240321MMTHD000121032009,BCCF000023,B,C,CF,아메리카노,1,1600,1,NULL,2,2,1,0,0,0,0,0,0,0,0,0,0,0,0,0,0,0,0,0,0,0,0,0,0,0,0,0,0,0,0,0,0,0,0,0,0,0,0,0,0,0,1710978502990,1710978743002,0
240321MMTHD000121032,240321MMTHD000121032010,BCCF000023,B,C,CF,아메리카노,1,1600,1,NULL,2,2,1,0,0,0,0,0,0,0,0,0,0,0,0,0,0,0,0,0,0,0,0,0,0,0,0,0,0,0,0,0,0,0,0,0,0,0,0,0,0,0,1710978872847,1710978970647,0
240321MMTHD000121032,240321MMTHD000121032011,BCCF000023,B,C,CF,아메리카노,1,1600,1,NULL,2,2,1,0,0,0,0,0,0,0,0,0,0,0,0,0,0,0,0,0,0,0,0,0,0,0,0,0,0,0,0,0,0,0,0,0,0,0,0,0,0,0,1710978744264,1710978970647,0
240321MMTHD000121032,240321MMTHD000121032012,BCCF000023,B,C,CF,아메리카노,1,1600,1,NULL,2,2,1,0,0,0,0,0,0,0,0,0,0,0,0,0,0,0,0,0,0,0,0,0,0,0,0,0,0,0,0,0,0,0,0,0,0,0,0,0,0,0,1710978745262,1710978970647,0
240321MMTHD000121032,240321MMTHD000121032013,BNNW000230,B,N,NW,"딸기 듬뿍 라떼",1,4500,1,NULL,2,2,1,0,0,0,0,1,0,0,0,0,0,0,0,0,0,0,0,0,0,0,0,0,0,0,0,0,0,0,0,0,0,0,0,0,0,0,0,0,0,0,1710978747529,1710978970647,0
240321MMTHD000121033,240321MMTHD000121033001,BCCF000027,B,C,CF,"카페 라떼",1,2700,1,NULL,2,2,2,0,0,0,0,1,0,0,0,0,0,0,0,0,0,0,0,0,0,0,0,0,0,0,0,0,0,0,0,0,0,0,0,0,0,0,0,0,0,0,1710978749456,1710979137040,0
240321MMTHD000121036,240321MMTHD000121036001,BCCF000023,B,C,CF,아메리카노,1,1600,1,NULL,2,2,1,0,0,0,0,0,0,0,0,0,0,0,0,0,0,0,0,0,0,0,0,0,0,0,0,0,0,0,0,0,0,0,1,400,0,0,0,0,0,0,1710979006850,1710979216056,0
240321MMTHD000121038,240321MMTHD000121038001,BCCF000002,B,C,CF,"꿀 커피",1,2300,1,NULL,2,2,1,0,0,0,0,0,0,0,0,0,0,0,0,0,0,0,0,0,0,0,0,0,0,0,0,0,0,0,0,0,0,0,0,0,0,0,0,0,0,0,1710979125837,1710979283478,0
240321MMTHD000121039,240321MMTHD000121039001,BCEV000287,B,C,EV,"EVENT 아메리카노",1,1000,1,NULL,3,2,2,0,0,0,0,0,0,0,0,0,0,0,0,0,0,0,0,0,0,0,0,0,0,0,0,0,0,0,0,0,0,0,0,0,0,0,0,0,0,0,1710979379530,1710979577752,0
240321MMTHD000121039,240321MMTHD000121039002,BCEV000287,B,C,EV,"EVENT 아메리카노",1,1000,1,NULL,3,2,2,0,0,0,0,0,0,0,0,0,0,0,0,0,0,0,0,0,0,0,0,0,0,0,0,0,0,0,0,0,0,0,0,0,0,0,0,0,0,0,1710979381627,1710979573237,0
